广告组,关键词,平均每月搜索量,竞争,建议出价,广告展示份额
Microsoft Office Excel,microsoft office spreadsheet excel,"10 - 100","0.34",-,-
Microsoft Office Excel,microsoft office excel worksheet,"100 - 1,000","0.32",-,-
Microsoft Office Excel,microsoft soft office excel,"10 - 100",-,-,-
Microsoft Office Excel,microsoft office excel sheet,"10 - 100","0.32",-,-
Microsoft Office Excel,microsoft office excel,"1,000 - 1万","0.93","0.05",-
Microsoft Office Excel,microsoft office excel software,"1,000 - 1万","0.92","0.42",-
Microsoft Office Excel,excel spreadsheets software microsoft office,"100 - 1,000","0.35",-,-
Microsoft Office Excel,online microsoft office excel,"0 - 10",-,-,-
Microsoft Office Excel,microsoft office excel spreadsheet templates,"10 - 100",-,-,-
Microsoft Office Excel,microsoft excel office applications,"10 - 100",-,-,-
Microsoft Office Excel,microsoft office excel worksheet download,"10 - 100",-,-,-
Microsoft Office Excel,microsoft office excel tutorial,"100 - 1,000","0.38",-,-
Microsoft Office Excel,microsoft office excel spreadsheet download,"10 - 100",-,-,-
Microsoft Office Excel,microsoft office 365 excel,"100 - 1,000","0.92","0.83",-
Microsoft Office Excel,microsoft office 365 excel software,"10 - 100","0.34",-,-
Microsoft Office Excel,microsoft office excel training,"100 - 1,000","0.52","1.15",-
Microsoft Office Excel,microsoft office excel 2016,"100 - 1,000","0.53","0.07",-
Microsoft Office Excel,microsoft office word excel,"100 - 1,000","0.82","0.07",-
Microsoft Office Excel,microsoft office excel 2019,"10 - 100","0.53",-,-
Microsoft Office Excel,microsoft office excel free,"10 - 100",-,-,-
Microsoft Office Excel,microsoft office microsoft excel,"0 - 10",-,-,-
Microsoft Office Excel,microsoft office 2010 excel,"10 - 100","0.63",-,-
Spreadsheet Software,microsoft spreadsheet software,"10 - 100","0.50","0.05",-
Spreadsheet Software,excel spreadsheet software and tools,"10 - 100",-,-,-
Spreadsheet Software,spreadsheets software,"10 - 100","0.67","0.21",-
Spreadsheet Software,spreadsheet software and tools,"10 - 100",-,-,-
Spreadsheet Software,spreadsheet software and features,"10 - 100",-,-,-
Spreadsheet Software,excel tutorial and spreadsheet software,"10 - 100",-,-,-
Spreadsheet Software,excel spreadsheet software,"1,000 - 1万","0.54","0.31",-
Spreadsheet Software,spreadsheet software download and tutorials,"0 - 10",-,-,-
Spreadsheet Software,online spreadsheet software,"10 - 100","0.57","0.08",-
Spreadsheet Software,exel spreadsheet software,"10 - 100",-,-,-
Spreadsheet Software,spreadsheet software tutorials,"10 - 100",-,-,-
Spreadsheet Software,basic spreadsheet software,"0 - 10",-,-,-
Spreadsheet Software,uses of spreadsheet software,"10 - 100",-,-,-
Spreadsheet Software,free spreadsheet software,"1,000 - 1万","0.78","0.51",-
Spreadsheet Software,free spreadsheet software like excel,"100 - 1,000","0.49","0.75",-
Spreadsheet Software,microsoft excel and spreadsheet software,"0 - 10",-,-,-
Ms Excel,ms spreadsheet excel,"10 - 100","0.33",-,-
Ms Excel,ms excel,"10万 - 100万","0.96","0.09",-
Ms Excel,ms microsoft excel,"10 - 100",-,-,-
Ms Excel,introduction ms excel,"10 - 100",-,-,-
Ms Excel,tutorialspoint ms excel,"10 - 100",-,-,-
Ms Excel,ms excel spreadsheet for practice,"10 - 100",-,-,-
Ms Excel,ms excel features,"10 - 100",-,-,-
Ms Excel,getting started with ms excel,"10 - 100",-,-,-
Ms Excel,ms excel presentation,"10 - 100",-,-,-
Ms Excel,ms excel explanation,"0 - 10",-,-,-
Ms Excel,ms excel program,"10 - 100","0.37",-,-
Ms Excel,ms 365 excel,"10 - 100","0.34",-,-
Ms Excel,ms excel information,"10 - 100",-,-,-
Ms Excel,ms excel overview,"10 - 100",-,-,-
Ms Excel,ms excel and powerpoint,"0 - 10",-,-,-
Ms Excel,ms excel wiki,"10 - 100",-,-,-
Ms Excel,ms excel application,"10 - 100",-,-,-
Ms Excel,ms excel files,"0 - 10",-,-,-
Ms Excel,ms excel onli,"0 - 10",-,-,-
Ms Excel,working with ms excel,"10 - 100",-,-,-
Ms Excel,ms excel format,"10 - 100",-,-,-
Ms Excel,ms excel explain,"10 - 100",-,-,-
Ms Excel,youtube ms excel,"10 - 100",-,-,-
Ms Excel,ms excel details,"0 - 10",-,-,-
Ms Excel,ms excel wikipedia,"10 - 100",-,-,-
Ms Excel,ms excel excel,"0 - 10",-,-,-
Ms Excel,ms excel cell,"10 - 100",-,-,-
Ms Excel,ms excel 2019,"100 - 1,000","0.45","0.06",-
Ms Excel,ms power excel,"10 - 100",-,-,-
Ms Excel,ms excel 2020,"100 - 1,000",-,-,-
Ms Excel,google ms excel,"10 - 100",-,-,-
Ms Excel,ms ms excel,"10 - 100",-,-,-
Ms Excel,buy ms excel,"10 - 100","0.32","1.11",-
Ms Excel,ms excel software,"10 - 100","0.64",-,-
Ms Excel,ms word excel,"1,000 - 1万","0.54","0.08",-
Ms Excel,ms word ms excel,"10 - 100","0.32",-,-
Ms Office Excel,ms office excel sheet,"10 - 100",-,-,-
Ms Office Excel,ms office excel,"100 - 1,000","0.91","0.84",-
Ms Office Excel,online ms office excel,"10 - 100",-,-,-
Ms Office Excel,ms office 365 excel,"10 - 100","0.32","0.87",-
Ms Office Excel,ms office ms excel,"0 - 10",-,-,-
Ms Office Excel,ms office excel 2016,"0 - 10",-,-,-
Ms Office Excel,ms office word excel,"10 - 100","0.32",-,-
Ms Office Excel,ms office excel 2010,"10 - 100",-,-,-
Excel Formula,spreadsheet formulas excel,"0 - 10",-,-,-
Excel Formula,excel spreadsheet formulas and tools,"0 - 10",-,-,-
Excel Formula,simple formulas for excel spreadsheets,"0 - 10",-,-,-
Excel Formula,formulas ms excel,"0 - 10",-,-,-
Excel Formula,formulas for excel,"100 - 1,000","0.32",-,-
Excel Formula,formulas to use in excel,"100 - 1,000",-,-,-
Excel Formula,understanding excel formulas,"10 - 100","0.57",-,-
Excel Formula,types of excel formulas,"10 - 100",-,-,-
Excel Formula,different types of excel formulas,"0 - 10",-,-,-
Excel Formula,sample excel formulas,"10 - 100",-,-,-
Excel Formula,excel formulas and calculations,"0 - 10",-,-,-
Excel Formula,excel formulas online,"0 - 10","0.32",-,-
Excel Formula,introduction to excel formulas,"10 - 100",-,-,-
Excel Formula,excel tables and formulas,"0 - 10",-,-,-
Excel Formula,basics of excel formulas,"10 - 100",-,-,-
Excel Formula,excel formulas for office use,"10 - 100",-,-,-
Excel Formula,advanced excel formulas,"100 - 1,000","0.46",-,-
Excel Formula,google excel formulas,"10 - 100",-,-,-
Excel Formula,learn excel formulas,"100 - 1,000","0.71","0.48",-
Excel Formula,working with excel formulas,"0 - 10",-,-,-
Excel Formula,show formulas excel,"100 - 1,000","0.32",-,-
Excel Formula,excel formulas excel,"10 - 100",-,-,-
Excel Formula,excel 2013 formulas,"0 - 10",-,-,-
Excel Formula,excel formula templates,"0 - 10",-,-,-
Microsoft Excel Formula,microsoft excel spreadsheet formulas,"10 - 100",-,-,-
Microsoft Excel Formula,formulas for microsoft excel,"10 - 100",-,-,-
Microsoft Excel Formula,microsoft excel cells and formulas,"10 - 100",-,-,-
Microsoft Excel Formula,microsoft excel formulas and tips,"0 - 10",-,-,-
Microsoft Excel Formula,microsoft excel formulas and templates,"100 - 1,000",-,-,-
Microsoft Excel Formula,using microsoft excel formulas,"10 - 100",-,-,-
Microsoft Excel Formula,microsoft excel basic formulas,"10 - 100",-,-,-
Microsoft Excel Formula,microsoft excel formulas book,"100 - 1,000","0.35",-,-
Office Excel,micro soft office excel,"10 - 100",-,-,-
Office Excel,office suite excel,"10 - 100",-,-,-
Office Excel,office excel spreadsheet,"10 - 100",-,-,-
Office Excel,microsft office excel,"10 - 100",-,-,-
Office Excel,office excel software,"10 - 100",-,-,-
Office Excel,micro office excel,"10 - 100","0.32","1.24",-
Office Excel,office excel sheet,"10 - 100",-,-,-
Office Excel,office excel,"1,000 - 1万","0.96",-,-
Office Excel,office 365 excel,"1,000 - 1万","0.34","0.81",-
Office Excel,online office excel,"10 - 100","0.35",-,-
Office Excel,office 2016 excel,"10 - 100","0.58","0.05",-
Office Excel,office 2019 excel,"10 - 100","0.62",-,-
Office Excel,https excel office com,"10 - 100",-,-,-
Office Excel,office excel 2007,"100 - 1,000","0.54",-,-
Office Excel,office excel 2010,"100 - 1,000","0.36","0.09",-
Microsoft Excel Spreadsheet,microsoft spreadsheet excel,"100 - 1,000","0.33",-,-
Microsoft Excel Spreadsheet,microsoft excel spreadsheet program,"10 - 100","0.34",-,-
Microsoft Excel Spreadsheet,microsoft excel sample spreadsheets,"10 - 100",-,-,-
Microsoft Excel Spreadsheet,microsoft excel spreadsheet basics,"10 - 100",-,-,-
Microsoft Excel Spreadsheet,microsoft excel spreadsheet app,"10 - 100","0.58",-,-
Microsoft Excel Spreadsheet,microsoft excel spreadsheet editor,"10 - 100",-,-,-
Microsoft Excel Spreadsheet,microsoft excel spreadsheet application,"0 - 10","0.32",-,-
Microsoft Excel Spreadsheet,create microsoft excel spreadsheet,"10 - 100",-,-,-
Microsoft Excel Spreadsheet,microsoft excel spreadsheet online,"10 - 100",-,-,-
Microsoft Excel Spreadsheet,microsoft 365 excel spreadsheet,"10 - 100",-,-,-
Excel Help,help with excel spreadsheet,"10 - 100","0.78","0.06",-
Excel Help,need help with excel spreadsheet,"10 - 100","0.55",-,-
Excel Help,microsoft excel help and learning,"10 - 100","0.33",-,-
Excel Help,help with excel formulas,"10 - 100","0.33",-,-
Excel Help,online help with excel,"0 - 10","0.73",-,-
Excel Help,microsoft help excel,"10 - 100","0.57",-,-
Excel Help,need help with excel,"0 - 10","0.54",-,-
Excel Help,excel help sheet,"10 - 100","0.38",-,-
Excel Help,microsoft excel help and support,"0 - 10",-,-,-
Excel Help,excel help,"1,000 - 1万","0.74","0.46",-
Excel Help,excel help and support,"0 - 10",-,-,-
Excel Help,excel vba help,"10 - 100","0.45","0.40",-
Excel Spread Sheet,microsoft excel spread sheet,"10 - 100",-,-,-
Excel Spread Sheet,excel spread sheet formulas,"100 - 1,000",-,-,-
Excel Spread Sheet,spread sheet excel,"10 - 100",-,-,-
Excel Spread Sheet,understanding excel spread sheets,"100 - 1,000",-,-,-
Excel Spread Sheet,excel spread sheet examples,"0 - 10",-,-,-
Excel Spread Sheet,excel spread sheet functions,"10 - 100",-,-,-
Excel,msoffice excel,"10 - 100",-,-,-
Excel,microosoft excel,"10 - 100",-,-,-
Excel,microfsoft excel,"10 - 100",-,-,-
Excel,microsofy excel,"10 - 100",-,-,-
Excel,micerosoft excel,"10 - 100",-,-,-
Excel,microsofte excel,"10 - 100",-,-,-
Excel,microxsoft excel,"100 - 1,000",-,-,-
Excel,micrososoft excel,"10 - 100",-,-,-
Excel,office365 excel,"100 - 1,000","0.95",-,-
Excel,microsooft excel,"10 - 100",-,-,-
Excel,micxrosoft excel,"10 - 100",-,-,-
Excel,micrososft excel,"10 - 100",-,-,-
Excel,microsaoft excel,"1万 - 10万",-,-,-
Excel,nicrosoft excel,"10 - 100",-,-,-
Excel,microsfoft excel,"10 - 100",-,-,-
Excel,microsofft excel,"100 - 1,000",-,-,-
Excel,micriosoft excel,"10 - 100",-,-,-
Excel,miscosoft excel,"10 - 100",-,-,-
Excel,microsoft365 excel,"100 - 1,000","0.62","0.20",-
Excel,mircsoft excel,"10 - 100",-,-,-
Excel,micdrosoft excel,"10 - 100",-,-,-
Excel,microsotf excel,"10 - 100",-,-,-
Excel,microsofr excel,"10 - 100",-,-,-
Excel,miicrosoft excel,"10 - 100",-,-,-
Excel,microsofot excel,"10 - 100",-,-,-
Excel,microseoft excel,"10 - 100",-,-,-
Excel,microdsoft excel,"10 - 100",-,-,-
Excel,micropsoft excel,"0 - 10",-,-,-
Excel,microspoft excel,"10 - 100",-,-,-
Excel,microoft excel,"10 - 100",-,-,-
Excel,microft excel,"100 - 1,000",-,-,-
Excel,tutorialspoint excel,"10 - 100",-,-,-
Excel,macrosoft excel,"10 - 100",-,-,-
Excel,micorosoft excel,"10 - 100",-,-,-
Excel,miceosoft excel,"10 - 100",-,-,-
Excel,microosft excel,"10 - 100",-,-,-
Excel,microssoft excel,"10 - 100",-,-,-
Excel,miccrosoft excel,"10 - 100",-,-,-
Excel,microaoft excel,"10 - 100",-,-,-
Excel,microscoft excel,"10 - 100",-,-,-
Excel,micrisoft excel,"10 - 100",-,-,-
Excel,micrsosoft excel,"10 - 100",-,-,-
Excel,micsoft excel,"10 - 100",-,-,-
Excel,ms365 excel,"100 - 1,000",-,-,-
Excel,excel formulars,"10 - 100",-,-,-
Excel,microftsoft excel,"0 - 10",-,-,-
Excel,smartsheets for excel,"10 - 100",-,-,-
Excel,microsodt excel,"10 - 100",-,-,-
Excel,microsaft excel,"10 - 100",-,-,-
Excel,microsof excel,"100 - 1,000",-,-,-
Excel,excel spreadheet,"10 - 100",-,-,-
Excel,microfot excel,"10 - 100",-,-,-
Excel,microdoft excel,"10 - 100",-,-,-
Excel,micrtosoft excel,"10 - 100",-,-,-
Excel,microsolf excel,"10 - 100","0.36",-,-
Excel,maicrosoft excel,"10 - 100",-,-,-
Excel,o365 excel,"100 - 1,000","0.62",-,-
Excel,excel spreadsheeet,"10 - 100",-,-,-
Excel,microsot excel,"100 - 1,000",-,-,-
Excel,icrosoft excel,"10 - 100",-,-,-
Excel,microsopft excel,"1,000 - 1万",-,-,-
Excel,micorosft excel,"10 - 100",-,-,-
Excel,wwwmicrosoft excel,"0 - 10",-,-,-
Excel,microspft excel,"10 - 100",-,-,-
Excel,excel spreadshee,"10 - 100",-,-,-
Excel,formation excel,"1,000 - 1万","0.98","2.23",-
Excel,microsdoft excel,"10 - 100",-,-,-
Excel,microsost excel,"10 - 100",-,-,-
Excel,mictosoft excel,"100 - 1,000",-,-,-
Excel,crosoft excel,"10 - 100",-,-,-
Excel,mictrosoft excel,"10 - 100",-,-,-
Excel,micreosoft excel,"10 - 100",-,-,-
Excel,micrrosoft excel,"100 - 1,000",-,-,-
Excel,miscrosft excel,"10 - 100",-,-,-
Excel,microsofrt excel,"100 - 1,000",-,-,-
Excel,excel helper,"10 - 100",-,-,-
Excel,presentation excel,"10 - 100",-,-,-
Excel,microsift excel,"100 - 1,000",-,-,-
Excel,mincrosoft excel,"10 - 100",-,-,-
Excel,micrisft excel,"100 - 1,000",-,-,-
Excel,excel formulaas,"0 - 10",-,-,-
Excel,spreadsheet123 excel,"10 - 100",-,-,-
Excel,miocrosoft excel,"10 - 100",-,-,-
Excel,msft excel,"100 - 1,000","0.34","0.46",-
Excel,miecrosoft excel,"10 - 100",-,-,-
Excel,micrisift excel,"10 - 100",-,-,-
Excel,mcirosoft excel,"1,000 - 1万",-,-,-
Excel,micrsofot excel,"10 - 100",-,-,-
Excel,excel spreadshet,"10 - 100",-,-,-
Excel,onlie excel,"10 - 100",-,-,-
Excel,microsfto excel,"100 - 1,000",-,-,-
Excel,dummies excel,"0 - 10","0.73","0.33",-
Excel,micrpsoft excel,"10 - 100",-,-,-
Excel,excel lessons,"100 - 1,000","0.80","0.91",-
Excel,support excel,"10 - 100","0.32",-,-
Excel,excel spreadsheat,"10 - 100",-,-,-
Excel,microseft excel,"10 - 100",-,-,-
Excel,on line excel,"10 - 100",-,-,-
Excel,setup excel,"10 - 100",-,-,-
Excel,explore excel,"10 - 100",-,-,-
Excel,studying excel,"0 - 10",-,-,-
Excel,excel spreadshett,"10 - 100",-,-,-
Excel,excel techniques,"10 - 100",-,-,-
Excel,microsoftt excel,"10 - 100",-,-,-
Excel,desktop excel,"100 - 1,000",-,-,-
Excel,spreedsheet excel,"10 - 100",-,-,-
Excel,excel onlline,"100 - 1,000",-,-,-
Excel,excel spredsheet,"10 - 100",-,-,-
Excel,mycrosoft excel,"10 - 100",-,-,-
Excel,excel manual,"100 - 1,000","0.62",-,-
Excel,excel spreadhseet,"100 - 1,000","0.34",-,-
Excel,micrpspft excel,"10 - 100",-,-,-
Excel,microst excel,"10 - 100",-,-,-
Excel,calc excel,"100 - 1,000","0.71",-,-
Excel,macros on excel,"10 - 100",-,-,-
Excel,how to get excel on my computer,"10 - 100",-,-,-
Excel,onlne excel,"10 - 100",-,-,-
Excel,excel reporting,"10 - 100","0.55","3.45",-
Excel,excel wiki,"100 - 1,000",-,-,-
Excel,microsofty excel,"10 - 100",-,-,-
Excel,excel templets,"10 - 100",-,-,-
Excel,excel analysis,"100 - 1,000","0.36","0.06",-
Excel,mastering excel,"10 - 100","0.38",-,-
Excel,excel onnline,"10 - 100",-,-,-
Excel,excel skills,"100 - 1,000","0.57","3.35",-
Excel,excel blog,"100 - 1,000",-,-,-
Excel,dashboards excel,"100 - 1,000","0.51",-,-
Excel,excel trial,"100 - 1,000","0.33",-,-
Excel,excel onlien,"100 - 1,000",-,-,-
Excel,update excel,"1,000 - 1万","0.33",-,-
Excel,excel opnline,"10 - 100",-,-,-
Excel,create dashboard excel,"100 - 1,000","0.58","0.05",-
Excel,web excel,"1,000 - 1万","0.33",-,-
Excel,microsoftr excel,"10 - 100",-,-,-
Excel,install excel,"1,000 - 1万","0.33","0.54",-
Excel,excel reporting dashboard,"10 - 100",-,-,-
Excel,excel student,"100 - 1,000","0.32","1.08",-
Excel,excel how tos,"10 - 100",-,-,-
Excel,excel experts,"10 - 100","0.48","18.11",-
Excel,excel business,"100 - 1,000","0.61",-,-
Excel,elseif excel,"10 - 100",-,-,-
Excel,books excel,"10 - 100","0.54",-,-
Excel,excel database,"100 - 1,000","0.32","25.66",-
Excel,excel professional,"100 - 1,000","0.48","1.21",-
Excel,excel definition,"1,000 - 1万",-,-,-
Excel,what is used for in excel,"10 - 100",-,-,-
Excel,excel guru,"100 - 1,000",-,-,-
Excel,what does mean in excel,"100 - 1,000",-,-,-
Excel,things to do in excel,"10 - 100",-,-,-
Excel,excel countif like,"10 - 100",-,-,-
Excel,excel 2007,"1万 - 10万","0.83",-,-
Excel,easy excel,"100 - 1,000","0.32",-,-
Excel,excel version,"1,000 - 1万",-,-,-
Excel,excel upgrade,"100 - 1,000","0.34","2.73",-
Excel,while loop in excel,"10 - 100",-,-,-
Excel,excel pc,"100 - 1,000","0.74",-,-
Excel,excel consultant,"10 - 100","0.77","9.44",-
Excel,latest excel,"10 - 100","0.39","0.37",-
Excel,excel 2013,"1万 - 10万","0.77",-,-
Excel,purchase excel,"100 - 1,000","0.58","1.78",-
Excel,what is e in excel,"10 - 100",-,-,-
Excel,excel web page,"10 - 100","0.33","0.34",-
Excel,where to buy excel,"10 - 100","0.35",-,-
Excel,excel like operator,"10 - 100",-,-,-
Excel,excel 2011,"100 - 1,000","0.35",-,-
Excel,excel time tracking,"100 - 1,000","0.37",-,-
Excel,internet excel,"10 - 100",-,-,-
Excel,excel extension,"100 - 1,000","0.66","1.26",-
Excel,excel mac,"100 - 1,000","0.66",-,-
Excel,new excel,"1,000 - 1万","0.35",-,-
Excel,excel personal,"100 - 1,000","0.38","2.82",-
Excel,excel access,"100 - 1,000","0.55",-,-
Excel,excel price,"100 - 1,000","0.82","1.21",-
Excel,net excel,"10 - 100","0.34","2.41",-
Excel,do payroll excel,"0 - 10",-,-,-
Excel,o excel,"10 - 100","0.36",-,-
Excel,excel cost,"100 - 1,000","0.80","0.94",-
Excel,iif excel,"10 - 100",-,-,-
Excel,excel get transform,"0 - 10",-,-,-
Excel,ifna excel,"100 - 1,000",-,-,-
Excel,calculations on excel,"10 - 100",-,-,-
Excel,micrsoft excel,"100 - 1,000",-,-,-
Excel,pivot table excel,"1,000 - 1万","0.45",-,-
Excel,windows excel software,"0 - 10","0.32",-,-
Excel,micosoft excel app,"10 - 100",-,-,-
Excel,e learning excel,"10 - 100","0.40",-,-
Excel,software excel,"100 - 1,000","0.36","0.08",-
Excel,understanding excel,"100 - 1,000","0.32",-,-
Excel,how to work with excel,"10 - 100","0.32","0.43",-
Excel,windows excel,"1,000 - 1万","0.88",-,-
Excel,create graph excel,"100 - 1,000","0.88","0.70",-
Excel,docs excel,"1,000 - 1万","0.76","0.06",-
Excel,classes excel,"0 - 10","0.75","1.55",-
Excel,features in excel,"10 - 100",-,-,-
Excel,application excel,"100 - 1,000","0.48",-,-
Excel,instructions for excel,"0 - 10",-,-,-
Excel,logiciel word excel,"10 - 100","0.69","0.15",-
Excel,excel graphs,"100 - 1,000","0.61",-,-
Excel,beginner excel,"10 - 100","0.61","0.78",-
Excel,excel micro soft,"0 - 10",-,-,-
Excel,excel program,"100 - 1,000","0.44","1.87",-
Excel,excel business software,"10 - 100",-,-,-
Excel,excel data analysis,"1,000 - 1万","0.50","0.51",-
Excel,excel app,"1,000 - 1万","0.61","0.28",-
Excel,excel pivot,"100 - 1,000","0.79",-,-
Excel,word excel,"1万 - 10万","0.99","0.11",-
Excel,excel learning beginners,"10 - 100","0.72","1.27",-
Excel,windows 10 excel,"10 - 100",-,-,-
Excel,documents excel,"100 - 1,000","0.84",-,-
Excel,excel microsft,"10 - 100",-,-,-
Excel,google excel com,"10 - 100",-,-,-
Excel,word excel windows 10,"10 - 100",-,-,-
Excel,files excel,"10 - 100",-,-,-
Excel,excel 365,"1万 - 10万","0.96","0.12",-
Excel,excel template,"100 - 1,000","0.56","0.05",-
Excel,excel computer program,"10 - 100","0.83","0.30",-
Excel,excel templates dashboard,"10 - 100",-,-,-
Excel,excel information,"100 - 1,000",-,-,-
Excel,excel 2019,"1,000 - 1万","0.83",-,-
Excel,window excel,"100 - 1,000","0.35",-,-
Excel,excel data,"1,000 - 1万","0.38",-,-
Excel,invoice template excel,"1,000 - 1万","0.83","1.21",-
Excel,micro excel,"100 - 1,000","0.55",-,-
Excel,excel 2010,"1万 - 10万","0.90",-,-
Excel,do while loop excel vba,"10 - 100",-,-,-
Excel,best excel,"10 - 100",-,-,-
Use Spreadsheet,how to use spreadsheets,"100 - 1,000",-,-,-
Use Spreadsheet,learning how to use spreadsheets,"0 - 10",-,-,-
Use Spreadsheet,use spreadsheet online,"10 - 100",-,-,-
Use Spreadsheet,explain the use of spreadsheet,"0 - 10",-,-,-
Use Spreadsheet,common uses of spreadsheets,"10 - 100",-,-,-
Microsoft Excel Feature,microsoft excel tools and features,"100 - 1,000",-,-,-
Microsoft Excel Feature,microsoft excel functions and features,"0 - 10",-,-,-
Microsoft Excel Feature,microsoft excel features,"1,000 - 1万","0.74","0.05",-
Microsoft Excel Feature,microsoft excel features and uses,"0 - 10",-,-,-
Microsoft Excel Feature,microsoft excel description and features,"10 - 100",-,-,-
Excel Sheet Formula,microsoft excel formula sheet,"10 - 100",-,-,-
Excel Sheet Formula,formulas for excel sheet,"10 - 100",-,-,-
Excel Sheet Formula,ms excel formula sheet,"10 - 100",-,-,-
Excel Sheet Formula,excel sheet formulas template,"10 - 100",-,-,-
Excel Sheet Formula,excel formulas cheat sheet,"1,000 - 1万","0.70","0.20",-
Excel Online,ms excel online spreadsheet,"100 - 1,000",-,-,-
Excel Online,online excel spreadsheets,"10 - 100","0.34","0.14",-
Excel Online,online sheets excel,"100 - 1,000",-,-,-
Excel Online,mircosoft excel online,"10 - 100",-,-,-
Excel Online,microsfot excel online,"10 - 100",-,-,-
Excel Online,micosoft excel online,"10 - 100",-,-,-
Excel Online,ms excel online,"1,000 - 1万","0.78",-,-
Excel Online,microsft excel online,"10 - 100",-,-,-
Excel Online,microsof excel online,"10 - 100",-,-,-
Excel Online,online excel sheet editor,"100 - 1,000",-,-,-
Excel Online,micrsoft excel online,"10 - 100",-,-,-
Excel Online,online excel program,"0 - 10",-,-,-
Excel Online,online excel classes,"10 - 100","0.90","2.49",-
Excel Online,online excel microsift,"0 - 10",-,-,-
Excel Online,learn excel online,"100 - 1,000","0.85","0.32",-
Excel Online,excel workbook online,"10 - 100","0.32",-,-
Excel Online,online excel,"1万 - 10万","0.33","0.12",-
Excel Online,windows excel online,"10 - 100",-,-,-
Excel Online,online excel document,"10 - 100",-,-,-
Excel Online,excel online version,"100 - 1,000","0.36",-,-
Excel Online,excel online forms,"10 - 100",-,-,-
Excel Online,excel test online,"100 - 1,000",-,-,-
Excel Online,buy excel online,"100 - 1,000","0.33",-,-
Excel Online,online microsoft excel,"100 - 1,000","0.36","0.99",-
Excel Spreadsheet Example,example spreadsheet excel,"10 - 100",-,-,-
Excel Spreadsheet Example,microsoft excel spreadsheet examples,"10 - 100",-,-,-
Excel Spreadsheet Example,show examples of excel spreadsheets,"10 - 100",-,-,-
Excel Spreadsheet Example,excel spreadsheet instructions and examples,"10 - 100",-,-,-
Excel Spreadsheet Example,basic excel spreadsheet examples,"100 - 1,000",-,-,-
Excel Worksheet,creating worksheet excel,"10 - 100",-,-,-
Excel Worksheet,ms excel worksheet,"100 - 1,000",-,-,-
Excel Worksheet,ms excel online worksheets,"10 - 100",-,-,-
Excel Worksheet,micrsoft excel worksheet,"10 - 100",-,-,-
Excel Worksheet,help with excel worksheet,"10 - 100",-,-,-
Excel Worksheet,online excel worksheet,"10 - 100",-,-,-
Excel Worksheet,excel spreadsheets worksheets,"10 - 100",-,-,-
Excel Worksheet,worksheets in excel,"10 - 100","0.32","0.68",-
Excel Worksheet,worksheet and workbook in excel,"10 - 100",-,-,-
Excel Worksheet,example of worksheet in excel,"10 - 100",-,-,-
Excel Worksheet,sample worksheet for excel,"10 - 100",-,-,-
Excel Worksheet,excel worksheet formulas,"10 - 100",-,-,-
Excel Worksheet,excel sheet worksheet,"10 - 100",-,-,-
Excel Worksheet,microsoft worksheet excel,"10 - 100",-,-,-
Excel Worksheet,microsoft excel worksheet xlsx,"10 - 100",-,-,-
Excel Worksheet,microsoft excel worksheet online,"10 - 100",-,-,-
Excel Worksheet,microsoft excel worksheet examples,"100 - 1,000",-,-,-
Excel Spreadsheet,live spreadsheet excel,"10 - 100",-,-,-
Excel Spreadsheet,creating spreadsheet excel,"10 - 100","0.38",-,-
Excel Spreadsheet,introduction to spreadsheets excel,"10 - 100",-,-,-
Excel Spreadsheet,spreadsheets excel,"100 - 1,000","0.56",-,-
Excel Spreadsheet,pc excel spreadsheet,"0 - 10",-,-,-
Excel Spreadsheet,practice spreadsheets excel,"10 - 100",-,-,-
Excel Spreadsheet,step by step excel spreadsheet,"0 - 10",-,-,-
Excel Spreadsheet,editing excel spreadsheets,"10 - 100",-,-,-
Excel Spreadsheet,different types of excel spreadsheets,"10 - 100",-,-,-
Excel Spreadsheet,types of excel spreadsheets,"10 - 100",-,-,-
Excel Spreadsheet,doing excel spreadsheets,"10 - 100",-,-,-
Excel Spreadsheet,making spreadsheets in excel,"10 - 100",-,-,-
Excel Spreadsheet,excel spreadsheet explained,"10 - 100",-,-,-
Excel Spreadsheet,easy excel spreadsheets,"10 - 100",-,-,-
Excel Spreadsheet,setting up an excel spreadsheet,"10 - 100","0.33",-,-
Excel Spreadsheet,simple excel spreadsheet,"10 - 100",-,-,-
Excel Spreadsheet,interactive excel spreadsheet,"10 - 100",-,-,-
Excel Spreadsheet,working with excel spreadsheet,"10 - 100",-,-,-
Excel Spreadsheet,spreadsheet ideas for excel,"10 - 100",-,-,-
Excel Spreadsheet,excel spreadsheet file,"1,000 - 1万","0.34",-,-
Excel Spreadsheet,excel spreadsheet solutions,"10 - 100",-,-,-
Excel Spreadsheet,spreadsheet ke excel,"10 - 100",-,-,-
Excel Spreadsheet,excel spreadsheet dummies,"0 - 10",-,-,-
Excel Spreadsheet,spreadsheets printable excel,"10 - 100",-,-,-
Excel Spreadsheet,youtube spreadsheet excel,"0 - 10",-,-,-
Excel Spreadsheet,printable excel spreadsheet excel spreadsheet,"0 - 10",-,-,-
Excel Spreadsheet,excel spreadsheet payroll,"0 - 10",-,-,-
Excel Spreadsheet,windows excel spreadsheet,"10 - 100",-,-,-
Excel Spreadsheet,sample spreadsheet excel,"10 - 100",-,-,-
Excel Spreadsheet,learning spreadsheet excel,"0 - 10",-,-,-
Excel Spreadsheet,features of excel spreadsheet,"10 - 100",-,-,-
Excel Spreadsheet,calculation excel spreadsheet,"0 - 10",-,-,-
Excel Spreadsheet,understanding excel spreadsheets,"10 - 100",-,-,-
Excel Spreadsheet,data spreadsheet excel,"10 - 100",-,-,-
Excel Spreadsheet,excel spreadsheet program,"1,000 - 1万","0.49",-,-
Excel Spreadsheet,excel spreadsheet and data analysis,"0 - 10",-,-,-
Excel Spreadsheet,format excel spreadsheet,"10 - 100","0.32",-,-
Excel Spreadsheet,google spreadsheets excel,"100 - 1,000","0.32",-,-
Excel Spreadsheet,word excel spreadsheet,"10 - 100","0.74","0.42",-
Excel Spreadsheet,app for excel spreadsheets,"10 - 100",-,-,-
Excel Spreadsheet,excel spreadsheet instructions,"10 - 100",-,-,-
Excel Spreadsheet,best practices for excel spreadsheets,"0 - 10",-,-,-
Excel Spreadsheet,excel documents spreadsheet,"0 - 10",-,-,-
Excel Spreadsheet,excel spreadsheet table,"10 - 100",-,-,-
Excel Spreadsheet,excel spreadsheet classes,"10 - 100","0.58","2.69",-
Microsoft Excel Sheet,microsoft sheets excel,"100 - 1,000","0.32",-,-
Microsoft Excel Sheet,microsoft excel help sheet,"10 - 100",-,-,-
Microsoft Excel Sheet,microsoft excel work sheet,"10 - 100",-,-,-
Microsoft Excel Sheet,online microsoft excel sheet,"10 - 100",-,-,-
Microsoft Excel Sheet,online microsoft excel sheet editor,"0 - 10",-,-,-
Microsoft Excel Sheet,microsoft excel sheet format,"10 - 100","0.32",-,-
Excel Formula Function,microsoft excel formulas and functions,"100 - 1,000","0.32",-,-
Excel Formula Function,excel spreadsheets formulas and functions,"10 - 100",-,-,-
Excel Formula Function,ms excel formulas and functions,"10 - 100",-,-,-
Excel Formula Function,formulas and functions in excel,"100 - 1,000",-,-,-
Excel Formula Function,understanding excel formulas and functions,"10 - 100",-,-,-
Excel Formula Function,excel formulas and functions examples,"10 - 100",-,-,-
Excel Formula Function,excel formulas and functions tutorials,"0 - 10",-,-,-
Excel Formula Function,basic excel formulas and functions,"10 - 100","0.35","0.08",-
Excel Formula Function,excel formula using if function,"0 - 10",-,-,-
Excel Chart,excel spreadsheet and charts,"0 - 10",-,-,-
Excel Chart,excel spreadsheet charts and graphs,"10 - 100",-,-,-
Excel Chart,microsoft excel graphs and charts,"10 - 100",-,-,-
Excel Chart,ms excel graphs and charts,"10 - 100",-,-,-
Excel Chart,charts excel,"10 - 100","0.37",-,-
Excel Chart,excel data charts,"10 - 100",-,-,-
Excel Chart,best excel charts,"100 - 1,000",-,-,-
Excel Chart,excel chart type,"10 - 100",-,-,-
Excel Chart,excel timeline chart,"100 - 1,000","0.33","2.78",-
Use Excel,how to use excel spreadsheets,"10 - 100",-,-,-
Use Excel,learning to use excel spreadsheets,"10 - 100",-,-,-
Use Excel,how to use excel sheet,"100 - 1,000",-,-,-
Use Excel,learn use microsoft excel,"0 - 10","0.65",-,-
Use Excel,how to use excel microsoft,"10 - 100","0.35",-,-
Use Excel,how to use ms excel,"100 - 1,000","0.74","0.87",-
Use Excel,learn to use excel,"10 - 100","0.43","0.91",-
Use Excel,how to use excel effectively,"10 - 100",-,-,-
Use Excel,ms excel use online,"10 - 100",-,-,-
Use Excel,how to properly use excel,"10 - 100",-,-,-
Use Excel,how do you use excel,"10 - 100","0.55",-,-
Use Excel,online excel use,"10 - 100",-,-,-
Use Excel,how to use windows excel,"10 - 100",-,-,-
Use Excel,ways to use excel,"10 - 100",-,-,-
Use Excel,different ways to use excel,"10 - 100",-,-,-
Use Excel,main use of microsoft excel,"10 - 100",-,-,-
Use Excel,advanced use excel,"10 - 100","0.38",-,-
Use Excel,use excel beginners,"10 - 100","0.65",-,-
Use Excel,use excel 2016,"0 - 10",-,-,-
Use Excel,microsoft excel use online,"10 - 100",-,-,-
Use Excel,quick guide use excel,"0 - 10",-,-,-
Ms,ms spreadsheet,"100 - 1,000","0.33",-,-
Ms,ms excel365,"100 - 1,000",-,-,-
Ms,ms exxcel,"10 - 100",-,-,-
Ms,ms excel2016,"10 - 100",-,-,-
Ms,ms excel2010,"10 - 100",-,-,-
Ms,ms excelll,"10 - 100",-,-,-
Ms,ms exceel,"10 - 100",-,-,-
Ms,ms excel2013,"10 - 100",-,-,-
Ms,ms wordexcel,"10 - 100",-,-,-
Ms,ms excel2007,"10 - 100",-,-,-
Ms,ms exccel,"10 - 100",-,-,-
Ms,ms exsel,"10 - 100",-,-,-
Ms,ms ecel,"100 - 1,000",-,-,-
Ms,ms excekl,"10 - 100",-,-,-
Ms,ms excelk,"10 - 100",-,-,-
Ms,ms office spreadsheet,"10 - 100","0.32",-,-
Ms,ms xlsx,"10 - 100",-,-,-
Ms,ms execel,"100 - 1,000",-,-,-
Ms,ms exce,"100 - 1,000",-,-,-
Ms,ms xcel,"100 - 1,000",-,-,-
Microsoft Excel Guide,guide to using microsoft excel,"0 - 10",-,-,-
Microsoft Excel Guide,microsoft excel guides,"0 - 10","0.32","0.05",-
Microsoft Excel Guide,microsoft excel help guide,"10 - 100","0.32",-,-
Microsoft Excel Guide,microsoft excel functions guide,"10 - 100",-,-,-
Microsoft Excel Guide,microsoft excel basics guide,"0 - 10",-,-,-
Microsoft Excel Guide,microsoft excel step by guide,"10 - 100",-,-,-
Microsoft Excel Guide,microsoft excel user guide,"10 - 100",-,-,-
Microsoft Excel Guide,microsoft excel quick guide,"0 - 10",-,-,-
Excel Function,functions of excel spreadsheet,"10 - 100",-,-,-
Excel Function,microsoft excel functions,"100 - 1,000","0.33",-,-
Excel Function,help with excel functions,"10 - 100","0.32",-,-
Excel Function,ms excel functions,"10 - 100","0.35",-,-
Excel Function,basic functions of microsoft excel,"10 - 100",-,-,-
Excel Function,advanced microsoft excel functions,"10 - 100",-,-,-
Excel Function,how to use excel functions,"10 - 100",-,-,-
Excel Function,basic functions of ms excel,"0 - 10",-,-,-
Excel Function,excel functions and features,"10 - 100",-,-,-
Excel Function,excel functions and examples,"10 - 100",-,-,-
Excel Function,excel functions and functions,"10 - 100",-,-,-
Excel Function,basic functions of excel,"10 - 100",-,-,-
Excel Function,functions on excel,"100 - 1,000",-,-,-
Excel Function,101 excel functions,"0 - 10",-,-,-
Excel Function,advanced excel function,"0 - 10",-,-,-
Ms Excel Sheet,ms excel sheet,"1,000 - 1万","0.56",-,-
Ms Excel Sheet,ms excel work sheet,"10 - 100",-,-,-
Ms Excel Sheet,online ms excel sheet,"100 - 1,000",-,-,-
Ms Excel Sheet,ms excel sheet format,"100 - 1,000",-,-,-
Ms Excel Sheet,ms word excel sheet,"10 - 100",-,-,-
Ms Excel Sheet,ms excel sheet download,"10 - 100","0.32",-,-
Excel Tip,tips for excel spreadsheets,"10 - 100",-,-,-
Excel Tip,tips for using excel,"10 - 100",-,-,-
Excel Tip,excel formulas and tips,"10 - 100",-,-,-
Excel Tip,microsoft excel tips,"100 - 1,000","0.35",-,-
Excel Tip,tips for excel,"10 - 100",-,-,-
Excel Tip,ms excel tips,"10 - 100",-,-,-
Excel Tip,excel techniques and tips,"10 - 100",-,-,-
Excel Tip,excel sheet tips,"10 - 100",-,-,-
Excel Tip,quick tips for excel,"10 - 100",-,-,-
Xls,microsoft xls,"100 - 1,000","0.32",-,-
Xls,xls spreadsheet,"100 - 1,000",-,-,-
Xls,ms xls,"10 - 100",-,-,-
Xls,excel xls,"100 - 1,000","0.73","0.12",-
Xls,xls math,"10 - 100","0.32","0.49",-
Xls,xls online,"100 - 1,000","0.40","0.08",-
Excel Tutorial,tutorial for excel spreadsheet,"10 - 100",-,-,-
Excel Tutorial,tutorial for using excel,"0 - 10",-,-,-
Excel Tutorial,tutorial excel,"100 - 1,000","0.50","0.25",-
Excel Tutorial,tutorial of ms excel,"0 - 10",-,-,-
Excel Tutorial,excel spreadsheet help tutorial,"100 - 1,000",-,-,-
Excel Tutorial,office excel tutorial,"10 - 100","0.32",-,-
Excel Tutorial,microsft excel tutorial,"100 - 1,000",-,-,-
Excel Tutorial,excel tutorials and productivity tools,"10 - 100",-,-,-
Excel Tutorial,ms excel tutorial and tips,"10 - 100",-,-,-
Excel Tutorial,basic excel spreadsheet tutorial,"1,000 - 1万","0.57","0.71",-
Excel Tutorial,excel tutorial and tools,"10 - 100",-,-,-
Excel Tutorial,excel software and tutorials,"10 - 100",-,-,-
Excel Tutorial,online excel tutorial,"10 - 100","0.32","0.33",-
Excel Tutorial,excel tutorial and tips,"1,000 - 1万",-,-,-
Excel Tutorial,excel sheets tutorial,"0 - 10",-,-,-
Excel Tutorial,windows excel tutorial,"100 - 1,000",-,-,-
Excel Tutorial,excel tutorial videos,"10 - 100","0.32","0.26",-
Excel Tutorial,excel charts tutorial,"10 - 100","0.32",-,-
Excel Tutorial,excel tutorial beginners,"1,000 - 1万","0.45","0.49",-
Excel Tutorial,excel pivot table tutorial,"1,000 - 1万","0.32","0.73",-
Excel Tutorial,excel 2010 tutorial,"0 - 10","0.32",-,-
Excel Tutorial,ms excel tutorial and templates,"10 - 100",-,-,-
Excel Tutorial,excel spreadsheet tutorial formulas,"10 - 100","0.32","0.15",-
Excel Tutorial,tutorials on excel formulas,"10 - 100","0.32","0.23",-
Excel Tutorial,excel formula tutorials and templates,"100 - 1,000",-,-,-
Excel Tutorial,excel tutorials and templates,"100 - 1,000",-,-,-
Excel Formula Guide,microsoft excel formulas guide,"100 - 1,000",-,-,-
Excel Formula Guide,excel spreadsheet formulas guide,"10 - 100",-,-,-
Excel Formula Guide,guide to excel formulas,"10 - 100",-,-,-
Excel Formula Guide,ms excel formulas guide,"0 - 10",-,-,-
Excel Formula Guide,quick guide excel formulas,"10 - 100",-,-,-
Excel Formula Guide,excel sheet formulas guide,"10 - 100",-,-,-
Excel Formula Guide,excel formulas and calculations guide,"0 - 10",-,-,-
Excel Formula Guide,excel formula guide and tutorials,"1,000 - 1万","0.32",-,-
Excel Formula Guide,excel formula guide and templates,"100 - 1,000",-,-,-
Excel Formula Guide,excel functions and formulas guide,"10 - 100",-,-,-
Excel Formula Guide,excel formulas and tips guide,"10 - 100",-,-,-
Excel Formula Guide,excel formulas and tricks guide,"10 - 100",-,-,-
Excel Formula Guide,basic excel formulas guide,"10 - 100",-,-,-
Excel Tool,ms excel tools,"10 - 100",-,-,-
Excel Tool,excel software and tools,"10 - 100",-,-,-
Excel Tool,tools for excel,"10 - 100",-,-,-
Excel Tool,excel calculation tools,"0 - 10",-,-,-
Excel Tool,online excel tool,"10 - 100",-,-,-
Excel Tool,advanced excel tools,"10 - 100","0.36",-,-
Excel Tool,excel software and productivity tools,"100 - 1,000",-,-,-
Excel Tool,basic excel tools,"100 - 1,000",-,-,-
Excel Tool,microsoft excel spreadsheet tools,"0 - 10",-,-,-
Excel Tool,excel spreadsheet tools,"10 - 100","0.55",-,-
Excel Tool,microsoft excel software and tools,"1,000 - 1万",-,-,-
Excel Tool,microsoft excel tools,"10 - 100",-,-,-
Excel Tool,excel spreadsheet editing tools,"10 - 100",-,-,-
Excel Tool,microsoft excel templates and tools,"100 - 1,000",-,-,-
Excel Tool,microsoft excel productivity tools,"100 - 1,000","0.32",-,-
Microsoft Excel Tutorial,tutorial microsoft excel,"10 - 100","0.41",-,-
Microsoft Excel Tutorial,microsoft excel spreadsheet tutorial,"10 - 100","0.32","0.61",-
Microsoft Excel Tutorial,microsoft excel tutorials and formulas,"10 - 100",-,-,-
Microsoft Excel Tutorial,microsoft excel tutorials and templates,"100 - 1,000",-,-,-
Microsoft Excel Tutorial,microsoft excel software and tutorials,"100 - 1,000",-,-,-
Microsoft Excel Tutorial,microsoft excel functions and tutorials,"0 - 10",-,-,-
Microsoft Excel Tutorial,microsoft excel features and tutorials,"10 - 100",-,-,-
Microsoft Excel Tutorial,microsoft excel tutorial and tools,"0 - 10",-,-,-
Microsoft Excel Tutorial,microsoft excel tutorial and guide,"0 - 10",-,-,-
Microsoft Excel Tutorial,microsoft excel tutorial and tips,"1,000 - 1万",-,-,-
Microsoft Excel Tutorial,microsoft excel tutorials and resources,"100 - 1,000",-,-,-
Microsoft Excel Tutorial,microsoft excel tutorial and download,"10 - 100",-,-,-
Microsoft Excel Tutorial,microsoft excel tutorial and training,"10 - 100",-,-,-
Microsoft Excel Tutorial,microsoft excel videos and tutorials,"100 - 1,000",-,-,-
Microsoft Excel,microsoft excel xlsx,"10 - 100",-,-,-
Microsoft Excel,introduction microsoft excel,"10 - 100","0.41",-,-
Microsoft Excel,microsoft soft excel,"10 - 100",-,-,-
Microsoft Excel,microsoft excel explanation,"0 - 10",-,-,-
Microsoft Excel,getting started with microsoft excel,"10 - 100",-,-,-
Microsoft Excel,get started with microsoft excel,"10 - 100",-,-,-
Microsoft Excel,microsoft excel tutotial,"1万 - 10万",-,-,-
Microsoft Excel,overview of microsoft excel,"10 - 100",-,-,-
Microsoft Excel,microsoft excel and powerpoint,"10 - 100",-,-,-
Microsoft Excel,microsoft excel introductory,"10 - 100","0.32",-,-
Microsoft Excel,microsoft excel docs,"10 - 100",-,-,-
Microsoft Excel,explain microsoft excel,"10 - 100",-,-,-
Microsoft Excel,microsoft excel forum,"10 - 100",-,-,-
Microsoft Excel,information about microsoft excel,"0 - 10",-,-,-
Microsoft Excel,microsoft excel official site,"100 - 1,000","0.32",-,-
Microsoft Excel,microsoft excel wiki,"10 - 100",-,-,-
Microsoft Excel,microsoft excel resources,"10 - 100",-,-,-
Microsoft Excel,microsoft excel apps,"10 - 100","0.93","0.45",-
Microsoft Excel,microsoft excel presentation,"10 - 100",-,-,-
Microsoft Excel,microsoft excel lessons,"10 - 100","0.90","0.69",-
Microsoft Excel,microsoft excel official website,"10 - 100",-,-,-
Microsoft Excel,microsoft excel on line,"10 - 100",-,-,-
Microsoft Excel,microsoft excel onloine,"0 - 10",-,-,-
Microsoft Excel,microsoft excel manual,"10 - 100","0.33","0.28",-
Microsoft Excel,microsoft excel document,"100 - 1,000",-,-,-
Microsoft Excel,microsoft excel application,"100 - 1,000","0.90","0.10",-
Microsoft Excel,microsoft excel files,"10 - 100",-,-,-
Microsoft Excel,microsoft excel onine,"10 - 100",-,-,-
Microsoft Excel,microsoft excel onl,"0 - 10",-,-,-
Microsoft Excel,how to work on microsoft excel,"10 - 100",-,-,-
Microsoft Excel,youtube microsoft excel,"10 - 100",-,-,-
Microsoft Excel,microsoft excel softonic,"10 - 100",-,-,-
Microsoft Excel,microsoft excel website,"100 - 1,000",-,-,-
Microsoft Excel,microsoft excel details,"0 - 10",-,-,-
Microsoft Excel,ppt microsoft excel,"0 - 10",-,-,-
Microsoft Excel,donwload microsoft excel,"10 - 100",-,-,-
Microsoft Excel,microsoft excel 101,"10 - 100",-,-,-
Microsoft Excel,microsoft excel products,"0 - 10",-,-,-
Microsoft Excel,microsoft excel trial,"10 - 100",-,-,-
Microsoft Excel,downlaod microsoft excel,"10 - 100",-,-,-
Microsoft Excel,microsoft excel 2019,"100 - 1,000","0.53","0.13",-
Microsoft Excel,microsoft excel 2020,"10 - 100",-,-,-
Microsoft Excel,web microsoft excel,"10 - 100",-,-,-
Microsoft Excel,microsoft power excel,"10 - 100","0.32","2.42",-
Microsoft Excel,microsoft excel expert,"10 - 100","0.63","1.43",-
Microsoft Excel,microsoft excel cell,"10 - 100",-,-,-
Microsoft Excel,micro microsoft excel,"0 - 10",-,-,-
Microsoft Excel,microsoft 2007 excel,"10 - 100",-,-,-
Microsoft Excel,google microsoft excel,"10 - 100",-,-,-
Microsoft Excel,microsoft excel 2013,"100 - 1,000","0.79","0.07",-
Microsoft Excel,microsoft microsoft excel,"100 - 1,000",-,-,-
Microsoft Excel,computer microsoft excel,"0 - 10","0.32",-,-
Microsoft Excel,microsoft excel cost,"10 - 100","0.84","1.33",-
Microsoft Excel,purchase microsoft excel,"100 - 1,000","0.32","1.46",-
Microsoft Excel,microsoft project excel,"100 - 1,000",-,-,-
Microsoft Excel,buy microsoft excel,"100 - 1,000","0.72","1.36",-
Microsoft Excel,microsoft excel mac,"10 - 100","0.48",-,-
Microsoft Excel,microsoft excel excel,"1万 - 10万","0.62","0.12",-
Microsoft Excel,software microsoft excel,"10 - 100","0.38",-,-
Microsoft Excel,microsoft 365 excel,"1,000 - 1万","0.71","0.10",-
Microsoft Excel,microsoft excel program,"100 - 1,000","0.72","0.18",-
Microsoft Excel,microsoft tables excel,"10 - 100",-,-,-
Microsoft Excel,microsoft excel excel formats,"0 - 10",-,-,-
Microsoft Excel,microsoft excel samples,"0 - 10",-,-,-
Microsoft Excel,microsoft excel instructions,"10 - 100","0.32","0.37",-
Microsoft Excel,microsoft excel classes,"100 - 1,000","0.89","2.85",-
Microsoft Excel,microsoft excel software and templates,"100 - 1,000",-,-,-
Microsoft Excel,windows microsoft excel,"0 - 10",-,-,-
Microsoft Excel,microsoft 365 microsoft excel,"10 - 100",-,-,-
Microsoft Excel,microsoft excel format,"10 - 100",-,-,-
Microsoft Excel,microsoft 2010 excel,"10 - 100","0.47",-,-
Microsoft Excel,microsoft excel classes near me,"10 - 100","0.77","2.31",-
Excel Formula Example,excel spreadsheet formulas examples,"0 - 10",-,-,-
Excel Formula Example,microsoft excel formulas examples,"10 - 100",-,-,-
Excel Formula Example,examples of excel formulas,"10 - 100",-,-,-
Excel Formula Example,ms excel formulas with examples,"10 - 100",-,-,-
Excel Formula Example,excel sheet formulas with examples,"10 - 100",-,-,-
Excel Spreadsheet Template,ms excel spreadsheet templates,"10 - 100",-,-,-
Excel Spreadsheet Template,excel spreadsheet templates and tutorials,"100 - 1,000",-,-,-
Excel Spreadsheet Template,templates for excel spreadsheets,"100 - 1,000","0.34",-,-
Excel Spreadsheet Template,microsoft excel spreadsheet templates,"100 - 1,000","0.46",-,-
Excel Spreadsheet Template,excel spreadsheet templates and tips,"10 - 100",-,-,-
Excel Spreadsheet Template,excel spreadsheet templates and tools,"100 - 1,000",-,-,-
Excel Spreadsheet Template,excel spreadsheet templates and examples,"10 - 100",-,-,-
Excel Spreadsheet Template,excel spreadsheet templates and formats,"0 - 10",-,-,-
Excel Spreadsheet Template,excel practice spreadsheets and templates,"10 - 100",-,-,-
Excel Spreadsheet Template,free accounting spreadsheet templates excel,"10 - 100",-,-,-
Excel Guide,excel spreadsheet help guide,"1,000 - 1万","0.32",-,-
Excel Guide,excel spreadsheet guide,"10 - 100",-,-,-
Excel Guide,guide to using excel,"10 - 100","0.38",-,-
Excel Guide,excel help guide,"100 - 1,000","0.36",-,-
Excel Guide,ms excel guide,"10 - 100",-,-,-
Excel Guide,simple guide to using excel,"10 - 100",-,-,-
Excel Guide,guide on excel,"10 - 100",-,-,-
Excel Guide,basic guide use excel,"10 - 100",-,-,-
Excel Guide,comprehensive guide to excel functions,"0 - 10",-,-,-
Excel Guide,excel functions guide,"10 - 100","0.40",-,-
Excel Guide,excel user guide,"10 - 100","0.42",-,-
Excel Guide,excel spreadsheet tutorials and guides,"10 - 100",-,-,-
Excel Guide,excel spreadsheet quick guide,"100 - 1,000",-,-,-
Excel Guide,ms excel tutorials and guides,"10 - 100",-,-,-
Excel Guide,quick guide to excel,"10 - 100",-,-,-
Excel Guide,excel tutorial and guides,"10 - 100",-,-,-
Basics Excel,basics of excel spreadsheet,"10 - 100",-,-,-
Basics Excel,basics microsoft excel,"10 - 100","0.67","0.36",-
Basics Excel,basics of ms excel,"10 - 100",-,-,-
Basics Excel,learning basics excel,"10 - 100","0.38",-,-
Basics Excel,basics excel,"100 - 1,000","0.75","0.40",-
Microsoft,microsoft excelexcel,"10 - 100",-,-,-
Microsoft,microsoft exxcel,"10 - 100",-,-,-
Microsoft,microsoft excel365,"100 - 1,000",-,-,-
Microsoft,microsoft excelonline,"10 - 100",-,-,-
Microsoft,microsoft eexcel,"10 - 100",-,-,-
Microsoft,microsoft excel2016,"10 - 100","0.34",-,-
Microsoft,microsoft ecxcel,"10 - 100",-,-,-
Microsoft,microsoft exceel,"10 - 100",-,-,-
Microsoft,microsoft exsel,"10 - 100",-,-,-
Microsoft,microsoft excel2020,"0 - 10",-,-,-
Microsoft,microsoft excel2010,"10 - 100",-,-,-
Microsoft,microsoft excel2013,"100 - 1,000",-,-,-
Microsoft,microsoft exl,"10 - 100",-,-,-
Microsoft,microsoft exccel,"100 - 1,000",-,-,-
Microsoft,microsoft wxcel,"10 - 100",-,-,-
Microsoft,microsoft excelk,"10 - 100",-,-,-
Microsoft,microsoft excekl,"10 - 100",-,-,-
Microsoft,microsoft ezcel,"10 - 100",-,-,-
Microsoft,microsoft excelt,"10 - 100",-,-,-
Microsoft,microsoft wexcel,"10 - 100",-,-,-
Microsoft,microsoft ex,"100 - 1,000",-,-,-
Microsoft,microsoft office exce,"10 - 100",-,-,-
Microsoft,microsoft execel,"100 - 1,000",-,-,-
Microsoft,microsoft office excel2007,"10 - 100",-,-,-
Excel Sheet,windows excel sheet,"10 - 100",-,-,-
Excel Sheet,calculation sheet excel,"100 - 1,000",-,-,-
Excel Sheet,work sheet in excel,"10 - 100",-,-,-
Excel Sheet,basics of excel sheet,"10 - 100",-,-,-
Excel Sheet,excel sheet editor,"10 - 100",-,-,-
Excel Sheet,create excel sheet,"10 - 100","0.38",-,-
Excel Sheet,sample excel sheets,"10 - 100",-,-,-
Excel Sheet,smart sheet excel,"10 - 100","0.32",-,-
Excel Sheet,docs excel sheet,"10 - 100",-,-,-
Excel Sheet,interactive excel sheet,"10 - 100",-,-,-
Excel Sheet,format an excel sheet,"10 - 100",-,-,-
Excel Sheet,sheets in excel,"1,000 - 1万","0.34",-,-
Excel Sheet,excel sheet spreadsheet,"10 - 100",-,-,-
Excel Sheet,computer excel sheet,"10 - 100",-,-,-
Excel Sheet,exl excel sheet,"10 - 100",-,-,-
Excel Sheet,window excel sheet,"10 - 100",-,-,-
Excel Sheet,excel sheet sheet,"10 - 100",-,-,-
Spreadsheet Example,spreadsheets examples,"10 - 100","0.32",-,-
Spreadsheet Example,basic spreadsheet examples,"10 - 100",-,-,-
Spreadsheet Example,five examples of spreadsheets,"0 - 10",-,-,-
Spreadsheet Example,10 examples of spreadsheet,"10 - 100",-,-,-
Spreadsheet Example,20 examples of spreadsheet,"10 - 100",-,-,-
Excel Course,online course excel,"10 - 100","0.60","1.51",-
Excel Course,excel spreadsheet course,"10 - 100","0.36",-,-
Excel Course,microsoft excel course,"100 - 1,000","0.88","0.96",-
Excel Course,ms excel tutorial and courses,"10 - 100",-,-,-
Excel Course,course on excel,"10 - 100","0.33",-,-
Excel Course,excel spreadsheet courses online,"0 - 10","0.32",-,-
Excel Course,ms excel course,"100 - 1,000","0.78","0.45",-
Excel Course,basic excel course,"100 - 1,000","0.58","0.78",-
Excel Course,beginners excel course,"10 - 100","0.57","4.57",-
Excel Course,advanced excel course,"100 - 1,000","0.93","0.43",-
Excel Course,best excel courses,"100 - 1,000","0.75","0.48",-
Excel Course,excel crash course,"100 - 1,000","0.84","1.12",-
Excel Course,excel course udemy,"10 - 100","0.32",-,-
Excel Course,excel courses near me,"100 - 1,000","0.59","2.42",-
Excel Course,excel vba course,"100 - 1,000","0.69","0.45",-
Excel Course,excel spreadsheet training courses,"10 - 100","0.32",-,-
Excel Course,microsoft excel training courses,"1,000 - 1万","0.74","2.47",-
Excel Course,free microsoft excel courses,"100 - 1,000","0.44","0.07",-
Excel Course,free excel courses,"1,000 - 1万","0.71","0.51",-
Excel Course,excel training courses,"1,000 - 1万","0.80","1.48",-
Excel Course,best free excel course,"0 - 10","0.32",-,-
Excel Tip Trick,excel spreadsheet tips and tricks,"100 - 1,000",-,-,-
Excel Tip Trick,tips and tricks excel,"10 - 100",-,-,-
Excel Tip Trick,microsoft excel tips and tricks,"1,000 - 1万","0.57","0.25",-
Excel Tip Trick,excel sheet tips and tricks,"10 - 100",-,-,-
Excel Tip Trick,ms excel tips and tricks,"10 - 100","0.35",-,-
Excel Tip Trick,useful excel tips and tricks,"0 - 10",-,-,-
Excel Tip Trick,excel tips and tricks software,"10 - 100",-,-,-
Excel Tip Trick,excel tips and tricks guide,"1万 - 10万","0.32","0.06",-
Excel Tip Trick,50 excel tips and tricks,"0 - 10",-,-,-
Excel Tip Trick,10 excel tips and tricks,"10 - 100",-,-,-
Excel Tip Trick,101 excel tips and tricks,"10 - 100","0.35",-,-
Learn Excel,learn about microsoft excel,"0 - 10",-,-,-
Learn Excel,learn ms excel,"10 - 100","0.81","1.01",-
Learn Excel,learn about excel,"10 - 100",-,-,-
Learn Excel,best way learn excel,"10 - 100","0.82","2.15",-
Learn Excel,learn excel pivot tables,"100 - 1,000","0.40","0.83",-
Learn Excel,learn microsoft excel online,"10 - 100","0.58","0.58",-
Advanced Excel,advanced excel spreadsheets,"10 - 100",-,-,-
Advanced Excel,microsoft advanced excel,"10 - 100","0.64",-,-
Advanced Excel,learn advanced excel,"10 - 100","0.75","0.14",-
Advanced Excel,advanced excel classes,"10 - 100","0.59","1.02",-
Advanced Excel,advanced excel skills,"100 - 1,000","0.74","1.53",-
Advanced Excel,advanced excel,"1,000 - 1万","0.87",-,-
Advanced Excel,advanced excel training courses,"1,000 - 1万","0.48","1.57",-
Spreadsheet,spreadsheets,"1万 - 10万","0.81","0.22",-
Spreadsheet,creating spreadsheets,"10 - 100",-,-,-
Spreadsheet,smart spreadsheets,"10 - 100",-,-,-
Spreadsheet,xl spreadsheets,"10 - 100",-,-,-
Spreadsheet,spreadsheets windows10,"10 - 100",-,-,-
Spreadsheet,steps for creating a spreadsheet,"0 - 10",-,-,-
Spreadsheet,practical spreadsheets,"0 - 10",-,-,-
Spreadsheet,starting a spreadsheet,"0 - 10",-,-,-
Spreadsheet,simple spreadsheets,"10 - 100","0.35",-,-
Spreadsheet,kinds of spreadsheet,"10 - 100",-,-,-
Spreadsheet,set up spreadsheet,"10 - 100",-,-,-
Spreadsheet,easy spreadsheets,"0 - 10",-,-,-
Spreadsheet,explain spreadsheet,"0 - 10",-,-,-
Spreadsheet,live spreadsheet,"10 - 100",-,-,-
Spreadsheet,spreadsheet calc,"100 - 1,000",-,-,-
Spreadsheet,dowload spreadsheet,"0 - 10",-,-,-
Spreadsheet,spreadsheet info,"10 - 100",-,-,-
Spreadsheet,cell spreadsheet,"10 - 100",-,-,-
Spreadsheet,managing spreadsheets,"0 - 10",-,-,-
Spreadsheet,ecel spreadsheet,"10 - 100",-,-,-
Spreadsheet,interactive spreadsheet,"10 - 100",-,-,-
Spreadsheet,working with spreadsheets,"10 - 100",-,-,-
Spreadsheet,goolge spreadsheet,"10 - 100",-,-,-
Spreadsheet,accounting spreadsheet,"100 - 1,000","0.57","6.15",-
Spreadsheet,printable spreadsheets,"10 - 100",-,-,-
Spreadsheet,goole spreadsheets,"10 - 100",-,-,-
Spreadsheet,search spreadsheet,"10 - 100",-,-,-
Spreadsheet,spreadsheets or spreadsheet,"0 - 10",-,-,-
Spreadsheet,goodle spreadsheet,"10 - 100",-,-,-
Spreadsheet,123 spreadsheets,"10 - 100",-,-,-
Spreadsheet,el spreadsheet,"10 - 100",-,-,-
Spreadsheet,microsoft spreadsheets,"100 - 1,000",-,-,-
Spreadsheet,microsoft xl spreadsheet,"100 - 1,000","0.58",-,-
Spreadsheet,microsoft spreadsheet program,"10 - 100","0.83","0.05",-
Spreadsheet,office spreadsheets,"10 - 100",-,-,-
Spreadsheet,microsoft spreadsheet online,"10 - 100","0.80","0.13",-
Spreadsheet,spreadsheet tools,"10 - 100","0.35","0.10",-
Spreadsheet,tutorial spreadsheet,"10 - 100",-,-,-
Spreadsheet,formulas for spreadsheets,"10 - 100",-,-,-
Spreadsheet,spreadsheet formulas and functions,"10 - 100",-,-,-
Spreadsheet,windows spreadsheet,"10 - 100","0.50",-,-
Spreadsheet,spreadsheet xlsx,"10 - 100",-,-,-
Spreadsheet,spreadsheet help,"10 - 100","0.32","0.94",-
Spreadsheet,features of spreadsheets,"10 - 100",-,-,-
Spreadsheet,spreadsheets online,"100 - 1,000",-,-,-
Spreadsheet,microsoft spreadsheet application,"0 - 10","0.58",-,-
Spreadsheet,introduction to spreadsheets,"10 - 100",-,-,-
Spreadsheet,spreadsheet tips and tricks,"10 - 100",-,-,-
Spreadsheet,spreadsheet tips,"10 - 100",-,-,-
Spreadsheet,understanding spreadsheets,"10 - 100",-,-,-
Spreadsheet,sample spreadsheets,"10 - 100","0.35",-,-
Spreadsheet,online spreadsheet tool,"10 - 100",-,-,-
Spreadsheet,spreadsheet programs,"100 - 1,000","0.36","0.12",-
Spreadsheet,microsoft 365 spreadsheet,"10 - 100",-,-,-
Spreadsheet,learn spreadsheets,"10 - 100","0.39",-,-
Spreadsheet,spreadsheets docs,"10 - 100",-,-,-
Spreadsheet,spreadsheet format,"10 - 100",-,-,-
Spreadsheet,basics of spreadsheet,"0 - 10",-,-,-
Spreadsheet,basic spreadsheet formulas,"10 - 100",-,-,-
Spreadsheet,spreadsheet applications,"10 - 100","0.34",-,-
Spreadsheet,spreadsheet worksheet,"10 - 100","0.38","0.10",-
Spreadsheet,different types of spreadsheets,"10 - 100",-,-,-
Spreadsheet,functions of spreadsheet,"10 - 100",-,-,-
Spreadsheet,types of spreadsheets,"10 - 100",-,-,-
Spreadsheet,spreadsheet calculations,"10 - 100",-,-,-
Spreadsheet,spreadsheets template,"10 - 100",-,-,-
Spreadsheet,online spreadsheet program,"0 - 10",-,-,-
Spreadsheet,advanced spreadsheet tools,"0 - 10","0.33",-,-
Spreadsheet,information about spreadsheets,"0 - 10",-,-,-
Spreadsheet,spreadsheet editor,"100 - 1,000","0.37","0.13",-
Spreadsheet,spreadsheet files,"10 - 100",-,-,-
Spreadsheet,advanced spreadsheet,"10 - 100",-,-,-
Spreadsheet,word spreadsheets,"10 - 100",-,-,-
Spreadsheet,365 spreadsheet,"10 - 100",-,-,-
Spreadsheet,document spreadsheet,"10 - 100",-,-,-
Spreadsheet,execel spreadsheet,"10 - 100",-,-,-
Spreadsheet,xcel spreadsheets,"10 - 100",-,-,-
Spreadsheet,quick spreadsheet,"10 - 100",-,-,-
Spreadsheet,micro spreadsheet,"10 - 100",-,-,-
Spreadsheet,free spreadsheets,"1,000 - 1万","0.75","0.10",-
Using Excel,basics of using microsoft excel,"1,000 - 1万",-,-,-
Using Excel,make spreadsheet using excel,"0 - 10",-,-,-
Using Excel,basics of using excel,"10 - 100",-,-,-
Using Excel,how to start using excel,"10 - 100",-,-,-
Using Excel,advantages of using microsoft excel,"10 - 100",-,-,-
Using Excel,using if condition in excel,"0 - 10",-,-,-
Excel Example,ms excel examples,"0 - 10",-,-,-
Excel Example,microsoft excel examples,"10 - 100",-,-,-
Excel Example,examples of excel sheets,"0 - 10",-,-,-
Excel Example,example microsoft excel document,"0 - 10",-,-,-
Excel Example,example excel,"10 - 100",-,-,-
Microsoft Excel Download,microsoft excel spreadsheets download,"10 - 100","0.36",-,-
Microsoft Excel Download,microsoft excel worksheet download,"10 - 100","0.50",-,-
Microsoft Excel Download,download microsoft excel sheet,"10 - 100",-,-,-
Microsoft Excel Download,download microsoft excel,"1万 - 10万","0.83","0.06",-
Microsoft Excel Download,microsoft excel free download,"1万 - 10万","0.87",-,-
Microsoft Excel Download,download microsoft excel 2016,"10 - 100","0.41","0.34",-
Microsoft Excel Download,microsoft excel download mac,"10 - 100","0.36",-,-
Microsoft Word Excel,microsoft word excel spreadsheet,"10 - 100",-,-,-
Microsoft Word Excel,microsoft word excel sheet,"100 - 1,000",-,-,-
Microsoft Word Excel,word microsoft excel,"10 - 100",-,-,-
Microsoft Word Excel,microsoft word and microsoft excel,"10 - 100",-,-,-
Microsoft Word Excel,microsoft word excel training,"0 - 10","0.84","1.94",-
Excel Download,ms excel worksheet download,"10 - 100",-,-,-
Excel Download,excel spreadsheet download,"100 - 1,000","0.86","0.16",-
Excel Download,download ms excel,"1,000 - 1万","0.40","0.32",-
Excel Download,windows excel download,"100 - 1,000","0.36",-,-
Excel Download,download excel,"1万 - 10万","0.74","0.15",-
Excel Download,download excel 2016,"100 - 1,000","0.63","0.08",-
Excel Download,download excel 2010,"100 - 1,000","0.41",-,-
Excel Download,excel mac download,"10 - 100","0.49","0.07",-
Excel Download,excel 2013 download,"100 - 1,000","0.68","0.12",-
Excel Download,download excel tutorials and templates,"10 - 100",-,-,-
Excel Download,excel spreadsheets free download,"10 - 100",-,-,-
Excel Download,windows excel free download,"10 - 100","0.32","0.46",-
Excel Download,excel program free download,"10 - 100",-,-,-
Excel Download,excel free download,"1,000 - 1万","0.65","0.20",-
Keyword Like: msexcel365,msexcel365,"10 - 100",-,-,-
Keyword Like: msexcel365,micrasoft excell,"0 - 10",-,-,-
Keyword Like: msexcel365,microsoftxcel,"10 - 100",-,-,-
Keyword Like: msexcel365,mircrosoft excell,"10 - 100",-,-,-
Keyword Like: msexcel365,mirosoft excell,"10 - 100",-,-,-
Keyword Like: msexcel365,microsfot excell,"10 - 100",-,-,-
Keyword Like: msexcel365,spreadsheeet,"100 - 1,000",-,-,-
Keyword Like: msexcel365,spreadssheet,"10 - 100",-,-,-
Keyword Like: msexcel365,msexcel,"1,000 - 1万",-,-,-
Keyword Like: msexcel365,excelsheets,"10 - 100",-,-,-
Keyword Like: msexcel365,spreadheet,"100 - 1,000",-,-,-
Keyword Like: msexcel365,spreadshete,"10 - 100",-,-,-
Keyword Like: msexcel365,spreadsheetapp,"10 - 100",-,-,-
Keyword Like: msexcel365,spreadsheetpoint,"10 - 100",-,-,-
Keyword Like: msexcel365,spreadsheetcom,"10 - 100",-,-,-
Keyword Like: msexcel365,spreadsheats,"10 - 100",-,-,-
Keyword Like: msexcel365,spreadhsheet,"10 - 100",-,-,-
Keyword Like: msexcel365,spreadshe,"100 - 1,000",-,-,-
Keyword Like: msexcel365,spreadshheet,"10 - 100",-,-,-
Keyword Like: msexcel365,msxcel,"10 - 100",-,-,-
Keyword Like: msexcel365,spreadshees,"10 - 100",-,-,-
Keyword Like: msexcel365,excellsheet,"10 - 100",-,-,-
Keyword Like: msexcel365,spreadshett,"100 - 1,000",-,-,-
Keyword Like: msexcel365,spreadsheett,"10 - 100",-,-,-
Keyword Like: msexcel365,xlsheet,"100 - 1,000",-,-,-
Keyword Like: msexcel365,spreadsheety,"100 - 1,000",-,-,-
Keyword Like: msexcel365,spreadsheeta,"10 - 100",-,-,-
Keyword Like: msexcel365,spreadsheeyt,"10 - 100",-,-,-
Keyword Like: msexcel365,spreadsheetr,"10 - 100",-,-,-
Keyword Like: msexcel365,exexcel,"100 - 1,000",-,-,-
Keyword Like: msexcel365,wxcel,"100 - 1,000",-,-,-
Keyword Like: msexcel365,what is ecel,"10 - 100",-,-,-
Keyword Like: msexcel365,netexcel,"10 - 100",-,-,-
Keyword Like: msexcel365,online excelsheet,"10 - 100",-,-,-
Keyword Like: msexcel365,microsoftexcel online,"10 - 100","0.32",-,-
Keyword Like: msexcel365,mircosoft xcel,"0 - 10",-,-,-
Keyword Like: msexcel365,microsft exce,"10 - 100",-,-,-
Keyword Like: msexcel365,microsofte xcel,"10 - 100",-,-,-
Keyword Like: msexcel365,micro soft exce,"10 - 100",-,-,-
Keyword Like: msexcel365,micrsoft exce,"10 - 100",-,-,-
Keyword Like: msexcel365,google spreadsheey,"10 - 100",-,-,-
Keyword Like: msexcel365,exceloffice com,"10 - 100",-,-,-
Keyword Like: msexcel365,spreadsheeto com,"10 - 100",-,-,-
Keyword Like: msexcel365,myexcel com,"10 - 100",-,-,-
Keyword Like: msexcel365,xcel office,"10 - 100",-,-,-
Keyword Like: msexcel365,execel,"1,000 - 1万","0.63",-,-
Keyword Like: msexcel365,xcel software,"10 - 100",-,-,-
Keyword Like: msexcel365,what is an exce,"0 - 10",-,-,-
Online Excel Training,microsoft excel online training,"100 - 1,000","0.77","1.02",-
Online Excel Training,online excel training courses,"10 - 100","0.49","1.25",-
Online Excel Training,online excel training,"100 - 1,000","0.56","1.15",-
Online Excel Training,best online excel training,"10 - 100","0.56","0.66",-
Online Excel Training,advanced excel training online,"10 - 100","0.40","0.07",-
Basic Excel,basic features of ms excel,"10 - 100",-,-,-
Basic Excel,basic excel spreadsheet instructions,"10 - 100",-,-,-
Basic Excel,basic instructions for using excel,"10 - 100",-,-,-
Basic Excel,basic information about excel,"10 - 100",-,-,-
Basic Excel,basic excel questions,"10 - 100",-,-,-
Basic Excel,basic ms excel formulas,"10 - 100",-,-,-
Basic Excel,excel spreadsheet basic formulas,"0 - 10",-,-,-
Basic Excel,microsoft excel basic training,"10 - 100","0.58","0.68",-
Exel,how to use microsoft exel,"10 - 100",-,-,-
Exel,microsoft exel,"1,000 - 1万","0.36","1.56",-
Exel,mircosoft exel,"10 - 100",-,-,-
Exel,mircrosoft exel,"10 - 100",-,-,-
Exel,microsft exel,"10 - 100",-,-,-
Exel,mcrosoft exel,"0 - 10",-,-,-
Exel,microsfot exel,"10 - 100",-,-,-
Exel,ms exel,"1,000 - 1万",-,-,-
Exel,micrsoft exel,"10 - 100",-,-,-
Exel,micro soft exel,"100 - 1,000",-,-,-
Exel,exel spreadsheets,"10 - 100",-,-,-
Exel,micrrosoft exel,"10 - 100",-,-,-
Exel,microft exel,"10 - 100",-,-,-
Exel,office exel,"100 - 1,000","0.37",-,-
Exel,docs exel,"10 - 100",-,-,-
Exel,ms office exel,"10 - 100",-,-,-
Exel,microsoft exel online,"100 - 1,000",-,-,-
Exel,ms exel sheet,"10 - 100",-,-,-
Exel,microsoft 365 exel,"100 - 1,000",-,-,-
Exel,exel spread sheets,"10 - 100",-,-,-
Exel,online exel sheet,"10 - 100",-,-,-
Free Excel Online,free excel help online,"10 - 100","0.32",-,-
Free Excel Online,free excel online course,"10 - 100","0.32",-,-
Free Excel Online,free excel online classes,"0 - 10","0.32","1.23",-
Free Excel Online,learn excel online free,"100 - 1,000","0.83","0.92",-
Free Excel Online,online microsoft excel free,"100 - 1,000","0.32",-,-
Free Excel Online,use excel online free,"100 - 1,000","0.38",-,-
Free Excel Online,free online excel,"100 - 1,000","0.71","0.70",-
Excel Training,excel spreadsheet training,"100 - 1,000","0.88","1.45",-
Excel Training,training excel,"100 - 1,000","0.67","1.04",-
Excel Training,excel training and tools,"10 - 100",-,-,-
Excel Training,ms excel training,"100 - 1,000","0.87","0.63",-
Excel Training,excel training classes,"100 - 1,000","0.50","1.82",-
Excel Training,basic excel training,"100 - 1,000","0.74","0.56",-
Excel Training,excel training program,"10 - 100","0.72","3.47",-
Excel Training,excel formula training,"10 - 100","0.63","0.63",-
Excel Training,beginner excel training,"10 - 100","0.88","0.74",-
Excel Training,word excel training,"0 - 10","0.41",-,-
Excel Training,advanced excel training,"100 - 1,000","0.76","4.98",-
Excel Training,best excel training,"100 - 1,000","0.44","0.57",-
Excel Training,excel pivot table training,"10 - 100","0.78","0.57",-
Excel Training,excel macros training,"10 - 100","0.37",-,-
Excel Training,excel 2016 training,"10 - 100","0.50",-,-
Excel Training,excel training classes near me,"10 - 100","0.45","2.51",-
Excel Training,excel vba training,"10 - 100","0.73","0.52",-
Excel Training,training microsoft excel,"10 - 100","0.86","0.76",-
Excel Training,microsoft excel software and training,"10 - 100",-,-,-
Free Excel Training,microsoft excel free online training,"10 - 100",-,-,-
Free Excel Training,excel spreadsheet training free online,"0 - 10","0.33","0.64",-
Free Excel Training,free online excel training,"100 - 1,000","0.34","0.34",-
Free Excel Training,free microsoft excel training,"100 - 1,000","0.52","0.56",-
Free Excel Training,free ms excel training,"10 - 100","0.32",-,-
Free Excel Training,free excel training courses,"100 - 1,000","0.78","0.70",-
Free Excel Training,free excel training videos,"10 - 100","0.32","0.17",-
Free Excel Training,free excel training,"100 - 1,000","0.86","0.88",-
Free Excel Training,free online excel training beginners,"0 - 10","0.74","0.61",-
Free Excel Training,free advanced excel training,"10 - 100","0.39","0.09",-
Free Excel Training,free excel training beginners,"10 - 100","0.84","0.60",-
Free Excel,free excel help,"10 - 100","0.32",-,-
Free Excel,free excel tutorial,"10 - 100","0.57","1.14",-
Free Excel,free excel classes,"100 - 1,000","0.84","0.53",-
Free Excel,free excel spreadsheet,"1,000 - 1万","0.90","0.17",-
Free Excel,learn excel free,"100 - 1,000","0.76","0.84",-
Free Excel,free excel classes beginners,"0 - 10","0.66","0.05",-
Free Excel,microsoft excel free,"1,000 - 1万","0.96","0.22",-
Free Excel,office excel free,"10 - 100","0.32","0.79",-
Free Excel,excel free trial,"100 - 1,000","0.35",-,-
Free Excel,free excel program,"100 - 1,000","0.87","0.87",-
Free Excel,install microsoft excel free,"10 - 100","0.33","0.85",-
Free Excel,free spreadsheet program like excel,"10 - 100",-,-,-
Free Excel,free budget spreadsheet excel,"10 - 100","0.32","0.18",-
Free Excel,free excel,"1,000 - 1万","0.88","0.07",-
Free Excel,free accounting software excel,"0 - 10","0.34","5.58",-
Excel 2016,microsoft ms excel 2016,"0 - 10",-,-,-
Excel 2016,ms excel 2016,"1,000 - 1万","0.47","0.06",-
Excel 2016,microsoft excel 2016,"1,000 - 1万","0.97",-,-
Excel 2016,excel 2016,"10万 - 100万","0.92",-,-
Excel 2016,excel 2016 dummies,"0 - 10",-,-,-
Sheet,sheets xlsx,"0 - 10",-,-,-
Sheet,sheets spreadsheet,"100 - 1,000","0.32",-,-
Sheet,execel sheet,"10 - 100",-,-,-
Sheet,exce sheet,"10 - 100",-,-,-
Sheet,excekl sheet,"10 - 100",-,-,-
Sheet,microsoft office spread sheet,"0 - 10",-,-,-
Sheet,microsoft spread sheets,"10 - 100",-,-,-
Sheet,microsoft sheet,"100 - 1,000",-,-,-
Sheet,spreadsheet or spread sheet,"10 - 100",-,-,-
Excle,mirosoft excle,"10 - 100",-,-,-
Excle,microsoft excle,"100 - 1,000",-,-,-
Excle,micosoft excle,"100 - 1,000",-,-,-
Excle,ms excle,"100 - 1,000",-,-,-
Excle,what is excle,"10 - 100",-,-,-
Excle,microsoft office excle,"10 - 100",-,-,-
If Statement Excel,if then statements excel,"10 - 100","0.32",-,-
If Statement Excel,excel formulas if then statements,"10 - 100",-,-,-
If Statement Excel,multiple if statements excel,"100 - 1,000",-,-,-
If Statement Excel,write if statement excel,"10 - 100","0.32",-,-
If Statement Excel,nested if statements excel,"10 - 100",-,-,-
If Statement Excel,how to use if statement in excel,"100 - 1,000",-,-,-
If Statement Excel,excel if statement multiple conditions,"100 - 1,000",-,-,-
If Statement Excel,excel using multiple if statements,"0 - 10",-,-,-
If Statement Excel,excel if statement contains,"10 - 100",-,-,-
If Statement Excel,excel macro if statement,"10 - 100",-,-,-
Excel If,nested if excel,"100 - 1,000",-,-,-
Excel If,excel if command,"10 - 100",-,-,-
Excel If,if test excel,"10 - 100",-,-,-
Excel If,if contains excel,"100 - 1,000",-,-,-
Excel If,ifs excel,"1,000 - 1万",-,-,-
Excel If,excel if na,"10 - 100",-,-,-
Excel If,write if then formula excel,"0 - 10",-,-,-
Excel If,excel if then count,"0 - 10",-,-,-
Excel If,excel if condition,"100 - 1,000",-,-,-
Excel If,nested if functions excel,"10 - 100",-,-,-
Excel If,ifs function excel,"100 - 1,000",-,-,-
Excel If,vba excel if then,"0 - 10",-,-,-
Excel If,excel if function multiple conditions,"100 - 1,000",-,-,-
Excel If,excel if function text,"10 - 100",-,-,-
Excel If,excel if 2 conditions,"10 - 100",-,-,-
Excel If,excel if then color,"0 - 10",-,-,-