网址,上次抓取日期
https://onlinefreetools.org/de/tools/add-watermark,2026-08-09
https://onlinefreetools.org/es/tools/pdf-page-numbers,2026-08-09
https://onlinefreetools.org/es/tools/add-watermark,2026-08-09
https://onlinefreetools.org/ru/tools/add-watermark,2026-08-09
https://onlinefreetools.org/ja/tools/image-merge,2026-08-09
https://onlinefreetools.org/tools/uuid-generator,2026-08-09
https://onlinefreetools.org/tools/images-to-gif,2026-08-09
https://onlinefreetools.org/tools/images-to-word,2026-08-09
https://onlinefreetools.org/tools/image-to-base64,2026-08-09
https://onlinefreetools.org/de/tools/images-to-ppt,2026-08-09
https://onlinefreetools.org/de/tools/images-to-word,2026-08-09
https://onlinefreetools.org/ru/tools/image-border,2026-08-09
https://onlinefreetools.org/ja/tools/image-border,2026-08-09
https://onlinefreetools.org/ru/tools/domain-lookup,2026-08-09
https://onlinefreetools.org/pt/tools/add-watermark,2026-08-09
https://onlinefreetools.org/en/tools/jwt-decoder,2026-08-09
https://onlinefreetools.org/pt/tools/base64,2026-08-09
https://onlinefreetools.org/pt/tools/color-from-image,2026-08-09
https://onlinefreetools.org/id/tools/image-border,2026-08-09
https://onlinefreetools.org/es/tools/wcag-contrast-checker,2026-08-08
https://onlinefreetools.org/de/tools/brand-color-token-pack,2026-08-08
https://onlinefreetools.org/fr/tools/yaml-json,2026-08-08
https://onlinefreetools.org/ar/tools/image-border,2026-08-08
https://onlinefreetools.org/id/tools/image-merge,2026-08-08
https://onlinefreetools.org/privacy,2026-08-08
https://onlinefreetools.org/pt/tools/images-to-ppt,2026-08-08
https://onlinefreetools.org/id/tools/csv-json,2026-08-08
https://onlinefreetools.org/terms,2026-08-08
https://onlinefreetools.org/ar/tools/add-watermark,2026-08-08
https://onlinefreetools.org/es/tools/yaml-json,2026-08-08
https://onlinefreetools.org/contact,2026-08-08
https://onlinefreetools.org/de/tools/flip-image,2026-08-08
https://onlinefreetools.org/id/tools/add-www-to-dns,2026-08-08
https://onlinefreetools.org/de/tools/image-border,2026-08-08
https://onlinefreetools.org/ar/tools/image-format-converter,2026-08-08
https://onlinefreetools.org/ar/tools/flip-image,2026-08-08
https://onlinefreetools.org/de/tools/image-merge,2026-08-08
https://onlinefreetools.org/fr/tools/wcag-contrast-checker,2026-08-08
https://onlinefreetools.org/zh/tools/image-merge,2026-08-08
https://onlinefreetools.org/es/tools/image-merge,2026-08-08
https://onlinefreetools.org/id/tools/smart-website-color-scheme,2026-08-08
https://onlinefreetools.org/ar/tools/image-merge,2026-08-08
https://onlinefreetools.org/ar/tools/color-from-image,2026-08-08
https://onlinefreetools.org/tools/color-from-image,2026-08-08
https://onlinefreetools.org/pt/tools/brand-style-guide,2026-08-08
https://onlinefreetools.org/de/tools/smart-website-color-scheme,2026-08-08
https://onlinefreetools.org/id/tools/brand-color-token-pack,2026-08-08
https://onlinefreetools.org/ja/tools/wcag-contrast-checker,2026-08-08
https://onlinefreetools.org/id/tools/brand-style-guide,2026-08-08
https://onlinefreetools.org/ja/tools/brand-color-token-pack,2026-08-08
https://onlinefreetools.org/es/tools/image-grayscale,2026-08-08
https://onlinefreetools.org/tools/wcag-contrast-checker,2026-08-08
https://onlinefreetools.org/tools/image-grayscale,2026-08-08
https://onlinefreetools.org/pt/tools/brand-color-token-pack,2026-08-08
https://onlinefreetools.org/zh/tools/flip-image,2026-08-08
https://onlinefreetools.org/en/tools/image-merge,2026-08-08
https://onlinefreetools.org/es/tools/images-to-word,2026-08-08
https://onlinefreetools.org/id/tools/color-from-image,2026-08-08
https://onlinefreetools.org/tools/flip-image,2026-08-08
https://onlinefreetools.org/zh/tools/add-watermark,2026-08-08
https://onlinefreetools.org/ar/tools/image-grayscale,2026-08-08
https://onlinefreetools.org/zh/tools/image-border,2026-08-08
https://onlinefreetools.org/fr/tools/images-to-pdf,2026-08-08
https://onlinefreetools.org/pt/tools/image-to-base64,2026-08-08
https://onlinefreetools.org/fr/tools/flip-image,2026-08-08
https://onlinefreetools.org/fr/tools/image-border,2026-08-08
https://onlinefreetools.org/fr/tools/json-schema-validator,2026-08-08
https://onlinefreetools.org/fr/tools/images-to-word,2026-08-08
https://onlinefreetools.org/fr/tools/image-grayscale,2026-08-08
https://onlinefreetools.org/ru/tools/json-schema-validator,2026-08-08
https://onlinefreetools.org/fr/tools/image-to-base64,2026-08-08
https://onlinefreetools.org/fr/tools/images-to-ppt,2026-08-08
https://onlinefreetools.org/es/contact/,2026-08-08
https://onlinefreetools.org/ru/tools/image-format-converter,2026-08-08
https://onlinefreetools.org/pt/tools/image-crop,2026-08-08
https://onlinefreetools.org/pt/privacy,2026-08-08
https://onlinefreetools.org/pt/privacy/,2026-08-08
https://onlinefreetools.org/tools/text-diff,2026-08-08
https://onlinefreetools.org/de/tools/image-format-converter,2026-08-08
https://onlinefreetools.org/pt/contact,2026-08-08
https://onlinefreetools.org/pt/contact/,2026-08-08
https://onlinefreetools.org/ar/tools/add-www-to-dns,2026-08-08
https://onlinefreetools.org/zh/contact/,2026-08-08
https://onlinefreetools.org/pt/tools/indexnow,2026-08-08
https://onlinefreetools.org/ar/tools/image-exif,2026-08-08
https://onlinefreetools.org/fr/tools/text-diff,2026-08-08
https://onlinefreetools.org/es/tools/indexnow,2026-08-08
https://onlinefreetools.org/fr/tools/image-crop,2026-08-08
https://onlinefreetools.org/ja/terms,2026-08-08
https://onlinefreetools.org/ja/terms/,2026-08-08
https://onlinefreetools.org/fr/terms/,2026-08-08
https://onlinefreetools.org/fr/privacy,2026-08-08
https://onlinefreetools.org/fr/privacy/,2026-08-08
https://onlinefreetools.org/pt/tools/image-exif,2026-08-08
https://onlinefreetools.org/id/tools/image-format-converter,2026-08-08
https://onlinefreetools.org/en/terms,2026-08-08
https://onlinefreetools.org/zh/tools/add-www-to-dns,2026-08-08
https://onlinefreetools.org/ja/privacy,2026-08-08
https://onlinefreetools.org/pt/tools/yaml-json,2026-08-08
https://onlinefreetools.org/zh/terms/,2026-08-08
https://onlinefreetools.org/pt/terms,2026-08-08
https://onlinefreetools.org/zh/privacy,2026-08-08
https://onlinefreetools.org/zh/privacy/,2026-08-08
https://onlinefreetools.org/id/tools/html-entity,2026-08-08
https://onlinefreetools.org/de/about/,2026-08-02
https://onlinefreetools.org/api/tools/ip-address,2026-07-05
https://onlinefreetools.org/devlogs/2026-01-11-13-56-dynamic-markdown-to-html-route.html,2026-07-04
https://onlinefreetools.org/devlogs/2026-01-15-15-30-apply-omnicalc-ui-styles.html,2026-07-03
https://onlinefreetools.org/devlogs/2026-01-28-how-to-calculate-gradient,2026-05-23
https://onlinefreetools.org/devlogs/2026-01-28-how-to-calculate-gradient.html,2026-05-23