网址,上次抓取日期,状态
https://onlinefreetools.org/fr/tools/split-pdf,2026-09-03,待定
https://onlinefreetools.org/en/tool-type/number,2026-09-01,待定
https://onlinefreetools.org/en/tools/how-to-calculate-rule-of-72,2026-09-01,待定
https://onlinefreetools.org/ru/tools/organize-pdf,2026-09-01,待定
https://onlinefreetools.org/en/tools/how-to-calculate-markup,2026-09-01,待定
https://onlinefreetools.org/id/tools/how-to-calculate-marginal-revenue,2026-08-31,待定
https://onlinefreetools.org/en/tools/how-to-calculate-one-rep-max,2026-08-31,待定
https://onlinefreetools.org/en/tools/how-to-calculate-mean,2026-08-31,待定
https://onlinefreetools.org/en/tools/how-to-calculate-exponent,2026-08-31,待定
https://onlinefreetools.org/ru/tools/unlock-pdf,2026-08-31,待定
https://onlinefreetools.org/ru/tools/compress-pdf,2026-08-31,待定
https://onlinefreetools.org/ru/tools/rotate-pdf,2026-08-31,待定
https://onlinefreetools.org/ru/tools/protect-pdf,2026-08-31,待定
https://onlinefreetools.org/ru/tools/split-pdf,2026-08-31,待定
https://onlinefreetools.org/ru/tools/pdf-watermark,2026-08-30,待定
https://onlinefreetools.org/devlogs/2026-08-09-08-12-cagr-nine-locale-i18n.html,2026-08-30,待定
https://onlinefreetools.org/ru/tools/pdf-page-to-image-sizes,2026-08-30,待定
https://onlinefreetools.org/devlogs/2026-08-28-17-05-cidr-intent-cluster-longtail-serp.html,2026-08-29,待定
https://onlinefreetools.org/devlogs/2026-08-09-11-51-browser-ebook-client-solutions.html,2026-08-28,待定
https://onlinefreetools.org/devlogs/2026-08-11-23-44-implement-serp-keyword-funnel-pilot.html,2026-08-27,待定
https://onlinefreetools.org/devlogs/2026-08-09-08-33-ship-how-to-calculate-aspect-ratio.html,2026-08-27,待定
https://onlinefreetools.org/ru/tools/merge-pdf,2026-08-25,待定
https://onlinefreetools.org/ru/tools/crop-pdf,2026-08-10,待定
https://onlinefreetools.org/api/tools/ip-address,2026-07-05,待定
https://onlinefreetools.org/devlogs/2026-01-11-13-56-dynamic-markdown-to-html-route.html,2026-07-04,待定
https://onlinefreetools.org/devlogs/2026-01-15-15-30-apply-omnicalc-ui-styles.html,2026-07-03,待定
https://onlinefreetools.org/devlogs/2026-01-28-how-to-calculate-gradient,2026-05-23,待定
https://onlinefreetools.org/devlogs/2026-01-28-how-to-calculate-gradient.html,2026-05-23,待定
https://onlinefreetools.org/es/tools/bulk-convert-images-to-jpg,2026-09-06,失败
https://onlinefreetools.org/zh/tools/youtube-thumbnail-size,2026-09-06,失败
https://onlinefreetools.org/en/tools/batch-watermark-product-photos,2026-09-06,失败
https://onlinefreetools.org/zh/tools/batch-watermark-product-photos,2026-09-05,失败
https://onlinefreetools.org/ru/tools/pdf-page-numbers,2026-09-05,失败
https://onlinefreetools.org/fr/tools/make-pdf-flipbook,2026-09-05,失败
https://onlinefreetools.org/de/tools/edit-pdf-form-fields,2026-09-05,失败
https://onlinefreetools.org/es/tools/product-design-prompt-builder,2026-09-05,失败
https://onlinefreetools.org/fr/tools/pdf-page-to-image-sizes,2026-09-05,失败
https://onlinefreetools.org/zh/tools/edit-pdf-text-online,2026-09-05,失败
https://onlinefreetools.org/topics/pdf-docs,2026-09-05,失败
https://onlinefreetools.org/ar/tools/short-drama-prompt-generator,2026-09-05,失败
https://onlinefreetools.org/tools/find-and-validate-xml-sitemap,2026-09-05,失败
https://onlinefreetools.org/en/tools/how-to-calculate-scientific-notation,2026-09-05,失败
https://onlinefreetools.org/ru/tools/turn-pdf-into-word-document,2026-09-05,失败
https://onlinefreetools.org/devlogs/2026-01-08-配置多账户git.html,2026-09-05,失败
https://onlinefreetools.org/en/tools/how-to-calculate-compound-interest,2026-09-05,失败
https://onlinefreetools.org/pt/tools/sign-pdf-document,2026-09-05,失败
https://onlinefreetools.org/id/tools/turn-pdf-into-word-document,2026-09-05,失败
https://onlinefreetools.org/ja/tools/convert-word-document-to-pdf,2026-09-05,失败
https://onlinefreetools.org/pt/tools/fill-out-pdf-form,2026-09-05,失败
https://onlinefreetools.org/fr/tools/turn-pdf-into-editable-document,2026-09-05,失败
https://onlinefreetools.org/fr/tools/write-pdf-document-online,2026-09-05,失败
https://onlinefreetools.org/en/tools/youtube-thumbnail-size,2026-09-05,失败
https://onlinefreetools.org/ja/topics/ai-prompt-template-builder,2026-09-05,失败
https://onlinefreetools.org/en/tools/excel-compare-files,2026-09-05,失败
https://onlinefreetools.org/en/tools/android-prompt-builder,2026-09-05,失败
https://onlinefreetools.org/ar/tools/indexnow,2026-09-05,失败
https://onlinefreetools.org/de/tools/open-pdf-in-browser,2026-09-05,失败
https://onlinefreetools.org/de/tools/organize-pdf,2026-09-05,失败
https://onlinefreetools.org/ru/tools/make-pdf-flipbook,2026-09-05,失败
https://onlinefreetools.org/ru/tools/fill-out-pdf-form,2026-09-05,失败
https://onlinefreetools.org/en/tools/check-pdf-a-compliance,2026-09-05,失败
https://onlinefreetools.org/pt/tools/convert-pdf-to-dwg,2026-09-05,失败
https://onlinefreetools.org/fr/tools/edit-pdf-form-fields,2026-09-05,失败
https://onlinefreetools.org/ar/tools/add-text-to-pdf-file,2026-09-04,失败
https://onlinefreetools.org/pt/tools/check-ssl-certificate-expiration,2026-09-04,失败
https://onlinefreetools.org/zh/where-to-use-tools/seo,2026-09-04,失败
https://onlinefreetools.org/en/tools/instagram-post-size,2026-09-04,失败
https://onlinefreetools.org/en/tools/short-drama-prompt-generator,2026-09-04,失败
https://onlinefreetools.org/en/tools/amazon-main-image-size,2026-09-04,失败
https://onlinefreetools.org/de/tools/split-pdf,2026-09-04,失败
https://onlinefreetools.org/en/tools/flip-image,2026-09-04,失败
https://onlinefreetools.org/tools/merge-pdf,2026-09-04,失败
https://onlinefreetools.org/id/tools/unix-timestamp,2026-09-04,失败
https://onlinefreetools.org/en/tools/midjourney-prompt-builder,2026-09-04,失败
https://onlinefreetools.org/id/tools/sketch-prompt-generator,2026-09-04,失败
https://onlinefreetools.org/en/tools/film-prompt-builder,2026-09-04,失败
https://onlinefreetools.org/de/tools/crop-pdf,2026-09-04,失败
https://onlinefreetools.org/tools/validate-security-txt,2026-09-04,失败
https://onlinefreetools.org/de/tools/bulk-convert-images-to-png,2026-09-04,失败
https://onlinefreetools.org/de/tools/batch-watermark-product-photos,2026-09-04,失败
https://onlinefreetools.org/fr/tools/writing-prompt-generator,2026-09-04,失败
https://onlinefreetools.org/tools/base64,2026-09-04,失败
https://onlinefreetools.org/en/tools/open-graph-preview,2026-09-04,失败
https://onlinefreetools.org/ja/tools/apple-touch-icon,2026-09-04,失败
https://onlinefreetools.org/tools/file-metadata-analyzer,2026-09-04,失败
https://onlinefreetools.org/ru/tools/bulk-convert-images-to-png,2026-09-04,失败
https://onlinefreetools.org/tools/bulk-compress-png-images,2026-09-04,失败
https://onlinefreetools.org/tools/product-design-prompt-builder,2026-09-04,失败
https://onlinefreetools.org/ar/tools/android-prompt-builder,2026-09-04,失败
https://onlinefreetools.org/ja/tools/bulk-compress-product-photos,2026-09-04,失败
https://onlinefreetools.org/es/tools/midjourney-prompt-builder,2026-09-04,失败
https://onlinefreetools.org/ar/tools/youtube-thumbnail-size,2026-09-04,失败