广告组,关键词,平均每月搜索量
Cidr Notation,cidr notation calculator,"100 - 1,000"
Cidr Notation,cidr notation meaning,10 - 100
Cidr Notation,cidr notation explanation,10 - 100
Cidr Notation,how to calculate cidr notation,10 - 100
Cidr Notation,cidr notation explained,10 - 100
Cidr Notation,cidr notation examples,10 - 100
Cidr Notation,understanding cidr notation,10 - 100
Cidr Notation,cidr notation calc,10 - 100
Cidr Notation,ip cidr notation,10 - 100
Cidr Notation,cidr notation tip,10 - 100
Cidr Notation,ipv6 cidr notation,10 - 100
Cidr Notation,cidr notation 24,10 - 100
Cidr Notation,what is cidr notation,10 - 100
Cidr Notation,cidr notation example,10 - 100
Cidr Notation,explain cidr notation,10 - 100
Cidr Notation,cidr notations,10 - 100
Cidr Notation,subnet cidr notation,10 - 100
Cidr Notation,notation cidr,10 - 100
Cidr Notation,cidr notation 32,10 - 100
Cidr Notation,cidr notation guide,0 - 10
Cidr Notation,find cidr notation,0 - 10
Cidr Notation,30 cidr notation,0 - 10
Cidr Notation,26 cidr notation,0 - 10
Cidr Notation,cidr notation converter,0 - 10
Cidr Notation,slash notation and cidr,0 - 10
Cidr Notation,32 cidr notation,0 - 10
Cidr Notation,23 cidr notation,0 - 10
Cidr Notation,29 cidr notation,0 - 10
Cidr Notation,cidr notation 28,0 - 10
Cidr Notation,cidr slash notation,0 - 10
Cidr Notation,cidr notation ipv6,0 - 10
